trial_count,blockType,blockNum,delay_time,stimImage_i,stimImage,responseImage1,responseImage1_i,responseImage1_pos,responseImage1_X,responseImage1_Y,responseImage2,responseImage2_i,responseImage2_pos,responseImage2_X,responseImage2_Y,responseImage3,responseImage3_i,responseImage3_pos,responseImage3_X,responseImage3_Y,cue_onset,cue_dur,delay_onset,delay_dur,resp_onset,resp_dur,rest_onset,rest_dur,circle_dur,circle_onset,total_dur,cross_onset,cross_dur,delay_resp_period,n,order,,,,,,,,
0,PRED,12,1.1955301040240789,2,images/picture_3.png,images/picture_1.png,0,"[11.733433509789462, -11.733433509789466]",11.733433509789462,-11.733433509789464,images/picture_2.png,1,"[-11.733433509789462, 11.733433509789464]",-11.733433509789462,11.733433509789464,images/picture_3.png,2,"[-11.733433509789466, -11.733433509789462]",-11.733433509789464,-11.733433509789462,0,1,1,1.1955301040240789,2.1955301040240793,0.8044698959759213,3.0,1,1.9455301040240789,0,4.0,3.0,1,2,1.0,4.0, , , , , , , , 
1,PRED,12,1.1955301040240789,2,images/picture_3.png,images/picture_1.png,0,"[-11.733433509789466, -11.733433509789462]",-11.733433509789464,-11.733433509789462,images/picture_2.png,1,"[11.733433509789464, 11.733433509789462]",11.733433509789464,11.733433509789462,images/picture_3.png,2,"[11.733433509789462, -11.733433509789466]",11.733433509789462,-11.733433509789464,0,1,1,1.1955301040240789,2.1955301040240793,0.8044698959759213,3.0,1,1.9455301040240789,0,4.0,3.0,1,2,1.0,8.0, , , , , , , , 
2,PRED,12,1.1955301040240789,2,images/picture_3.png,images/picture_1.png,0,"[11.733433509789464, 11.733433509789462]",11.733433509789464,11.733433509789462,images/picture_2.png,1,"[-11.733433509789462, 11.733433509789464]",-11.733433509789462,11.733433509789464,images/picture_3.png,2,"[-11.733433509789466, -11.733433509789462]",-11.733433509789464,-11.733433509789462,0,1,1,1.1955301040240789,2.1955301040240793,0.8044698959759213,3.0,1,1.9455301040240789,0,4.0,3.0,1,2,1.0,5.0, , , , , , , , 
3,PRED,12,1.1955301040240789,2,images/picture_3.png,images/picture_1.png,0,"[11.733433509789464, 11.733433509789462]",11.733433509789464,11.733433509789462,images/picture_2.png,1,"[-11.733433509789466, -11.733433509789462]",-11.733433509789464,-11.733433509789462,images/picture_3.png,2,"[-11.733433509789462, 11.733433509789464]",-11.733433509789462,11.733433509789464,0,1,1,1.1955301040240789,2.1955301040240793,0.8044698959759213,3.0,1,1.9455301040240789,0,4.0,3.0,1,2,1.0,2.0, , , , , , , , 
4,PRED,12,1.1955301040240789,2,images/picture_3.png,images/picture_1.png,0,"[11.733433509789464, 11.733433509789462]",11.733433509789464,11.733433509789462,images/picture_2.png,1,"[11.733433509789462, -11.733433509789466]",11.733433509789462,-11.733433509789464,images/picture_3.png,2,"[-11.733433509789462, 11.733433509789464]",-11.733433509789462,11.733433509789464,0,1,1,1.1955301040240789,2.1955301040240793,0.8044698959759213,3.0,1,1.9455301040240789,0,4.0,3.0,1,2,1.0,6.0, , , , , , , , 
5,PRED,12,1.1955301040240789,2,images/picture_3.png,images/picture_1.png,0,"[11.733433509789464, 11.733433509789462]",11.733433509789464,11.733433509789462,images/picture_2.png,1,"[-11.733433509789466, -11.733433509789462]",-11.733433509789464,-11.733433509789462,images/picture_3.png,2,"[11.733433509789462, -11.733433509789466]",11.733433509789462,-11.733433509789464,0,1,1,1.1955301040240789,2.1955301040240793,0.8044698959759213,3.0,1,1.9455301040240789,0,4.0,3.0,1,2,1.0,7.0, , , , , , , , 
6,PRED,12,1.1955301040240789,2,images/picture_3.png,images/picture_1.png,0,"[-11.733433509789462, 11.733433509789464]",-11.733433509789462,11.733433509789464,images/picture_2.png,1,"[11.733433509789464, 11.733433509789462]",11.733433509789464,11.733433509789462,images/picture_3.png,2,"[11.733433509789462, -11.733433509789466]",11.733433509789462,-11.733433509789464,0,1,1,1.1955301040240789,2.1955301040240793,0.8044698959759213,3.0,1,1.9455301040240789,0,4.0,3.0,1,2,1.0,3.0, , , , , , , , 
7,PRED,12,1.1955301040240789,2,images/picture_3.png,images/picture_1.png,0,"[-11.733433509789462, 11.733433509789464]",-11.733433509789462,11.733433509789464,images/picture_2.png,1,"[11.733433509789464, 11.733433509789462]",11.733433509789464,11.733433509789462,images/picture_3.png,2,"[-11.733433509789466, -11.733433509789462]",-11.733433509789464,-11.733433509789462,0,1,1,1.1955301040240789,2.1955301040240793,0.8044698959759213,3.0,1,1.9455301040240789,0,4.0,3.0,1,2,1.0,1.0, , , , , , , , 
8,PRED,12,1.1955301040240789,2,images/picture_3.png,images/picture_1.png,0,"[11.733433509789462, -11.733433509789466]",11.733433509789462,-11.733433509789464,images/picture_2.png,1,"[-11.733433509789462, 11.733433509789464]",-11.733433509789462,11.733433509789464,images/picture_3.png,2,"[11.733433509789464, 11.733433509789462]",11.733433509789464,11.733433509789462,0,1,1,1.1955301040240789,2.1955301040240793,0.8044698959759213,3.0,1,1.9455301040240789,0,4.0,3.0,1,2,1.0,0.0, , , , , , , , 

extraInfo
participant,200003
session,105
date,2023-03-24_13h28.15.864
expName,DMS_et_12-36
psychopyVersion,2022.2.4
frameRate,None
﻿trial_count,blockType,blockNum,delay_time,stimImage_i,stimImage,responseImage1,responseImage1_i,responseImage1_pos,responseImage1_X,responseImage1_Y,responseImage2,responseImage2_i,responseImage2_pos,responseImage2_X,responseImage2_Y,responseImage3,responseImage3_i,responseImage3_pos,responseImage3_X,responseImage3_Y,cue_onset,cue_dur,delay_onset,delay_dur,resp_onset,resp_dur,rest_onset,rest_dur,circle_dur,circle_onset,total_dur,cross_onset,cross_dur,delay_resp_period,n,order,,,,,,,,
9,UNPRED,12,1.1955301040240789,2,images/picture_3.png,images/picture_1.png,0,"[11.733433509789462, -11.733433509789466]",11.733433509789462,-11.733433509789464,images/picture_2.png,1,"[-11.733433509789466, -11.733433509789462]",-11.733433509789464,-11.733433509789462,images/picture_3.png,2,"[-11.733433509789462, 11.733433509789464]",-11.733433509789462,11.733433509789464,0,1,1,1.1955301040240789,2.1955301040240793,0.8044698959759213,3.0,1,1.9455301040240789,0,4.0,3.0,1,2,1.0,1.0, , , , , , , , 
10,UNPRED,12,1.1955301040240789,0,images/picture_1.png,images/picture_1.png,0,"[11.733433509789462, -11.733433509789466]",11.733433509789462,-11.733433509789464,images/picture_2.png,1,"[11.733433509789464, 11.733433509789462]",11.733433509789464,11.733433509789462,images/picture_3.png,2,"[-11.733433509789466, -11.733433509789462]",-11.733433509789464,-11.733433509789462,0,1,1,1.1955301040240789,2.1955301040240793,0.8044698959759213,3.0,1,1.9455301040240789,0,4.0,3.0,1,2,1.0,4.0, , , , , , , , 
11,UNPRED,12,1.1955301040240789,2,images/picture_3.png,images/picture_1.png,0,"[-11.733433509789462, 11.733433509789464]",-11.733433509789462,11.733433509789464,images/picture_2.png,1,"[-11.733433509789466, -11.733433509789462]",-11.733433509789464,-11.733433509789462,images/picture_3.png,2,"[11.733433509789464, 11.733433509789462]",11.733433509789464,11.733433509789462,0,1,1,1.1955301040240789,2.1955301040240793,0.8044698959759213,3.0,1,1.9455301040240789,0,4.0,3.0,1,2,1.0,8.0, , , , , , , , 
12,UNPRED,12,1.1955301040240789,1,images/picture_2.png,images/picture_1.png,0,"[11.733433509789464, 11.733433509789462]",11.733433509789464,11.733433509789462,images/picture_2.png,1,"[-11.733433509789466, -11.733433509789462]",-11.733433509789464,-11.733433509789462,images/picture_3.png,2,"[11.733433509789462, -11.733433509789466]",11.733433509789462,-11.733433509789464,0,1,1,1.1955301040240789,2.1955301040240793,0.8044698959759213,3.0,1,1.9455301040240789,0,4.0,3.0,1,2,1.0,5.0, , , , , , , , 
13,UNPRED,12,1.1955301040240789,2,images/picture_3.png,images/picture_1.png,0,"[-11.733433509789466, -11.733433509789462]",-11.733433509789464,-11.733433509789462,images/picture_2.png,1,"[11.733433509789462, -11.733433509789466]",11.733433509789462,-11.733433509789464,images/picture_3.png,2,"[11.733433509789464, 11.733433509789462]",11.733433509789464,11.733433509789462,0,1,1,1.1955301040240789,2.1955301040240793,0.8044698959759213,3.0,1,1.9455301040240789,0,4.0,3.0,1,2,1.0,0.0, , , , , , , , 
14,UNPRED,12,1.1955301040240789,1,images/picture_2.png,images/picture_1.png,0,"[11.733433509789462, -11.733433509789466]",11.733433509789462,-11.733433509789464,images/picture_2.png,1,"[11.733433509789464, 11.733433509789462]",11.733433509789464,11.733433509789462,images/picture_3.png,2,"[-11.733433509789462, 11.733433509789464]",-11.733433509789462,11.733433509789464,0,1,1,1.1955301040240789,2.1955301040240793,0.8044698959759213,3.0,1,1.9455301040240789,0,4.0,3.0,1,2,1.0,6.0, , , , , , , , 
15,UNPRED,12,1.1955301040240789,1,images/picture_2.png,images/picture_1.png,0,"[-11.733433509789466, -11.733433509789462]",-11.733433509789464,-11.733433509789462,images/picture_2.png,1,"[11.733433509789464, 11.733433509789462]",11.733433509789464,11.733433509789462,images/picture_3.png,2,"[-11.733433509789462, 11.733433509789464]",-11.733433509789462,11.733433509789464,0,1,1,1.1955301040240789,2.1955301040240793,0.8044698959759213,3.0,1,1.9455301040240789,0,4.0,3.0,1,2,1.0,3.0, , , , , , , , 
16,UNPRED,12,1.1955301040240789,0,images/picture_1.png,images/picture_1.png,0,"[-11.733433509789462, 11.733433509789464]",-11.733433509789462,11.733433509789464,images/picture_2.png,1,"[11.733433509789464, 11.733433509789462]",11.733433509789464,11.733433509789462,images/picture_3.png,2,"[-11.733433509789466, -11.733433509789462]",-11.733433509789464,-11.733433509789462,0,1,1,1.1955301040240789,2.1955301040240793,0.8044698959759213,3.0,1,1.9455301040240789,0,4.0,3.0,1,2,1.0,7.0, , , , , , , , 
17,UNPRED,12,1.1955301040240789,2,images/picture_3.png,images/picture_1.png,0,"[-11.733433509789466, -11.733433509789462]",-11.733433509789464,-11.733433509789462,images/picture_2.png,1,"[11.733433509789464, 11.733433509789462]",11.733433509789464,11.733433509789462,images/picture_3.png,2,"[-11.733433509789462, 11.733433509789464]",-11.733433509789462,11.733433509789464,0,1,1,1.1955301040240789,2.1955301040240793,0.8044698959759213,3.0,1,1.9455301040240789,0,4.0,3.0,1,2,1.0,2.0, , , , , , , , 

extraInfo
participant,200003
session,105
date,2023-03-24_13h28.15.864
expName,DMS_et_12-36
psychopyVersion,2022.2.4
frameRate,None
﻿trial_count,blockType,blockNum,delay_time,stimImage_i,stimImage,responseImage1,responseImage1_i,responseImage1_pos,responseImage1_X,responseImage1_Y,responseImage2,responseImage2_i,responseImage2_pos,responseImage2_X,responseImage2_Y,responseImage3,responseImage3_i,responseImage3_pos,responseImage3_X,responseImage3_Y,cue_onset,cue_dur,delay_onset,delay_dur,resp_onset,resp_dur,rest_onset,rest_dur,circle_dur,circle_onset,total_dur,cross_onset,cross_dur,delay_resp_period,n,order,,,,,,,,
18,PRED,12,1.1955301040240789,0,images/picture_1.png,images/picture_1.png,0,"[-11.733433509789462, 11.733433509789464]",-11.733433509789462,11.733433509789464,images/picture_2.png,1,"[11.733433509789462, -11.733433509789466]",11.733433509789462,-11.733433509789464,images/picture_3.png,2,"[-11.733433509789466, -11.733433509789462]",-11.733433509789464,-11.733433509789462,0,1,1,1.1955301040240789,2.1955301040240793,0.8044698959759213,3.0,1,1.9455301040240789,0,4.0,3.0,1,2,1.0,6.0, , , , , , , , 
19,PRED,12,1.1955301040240789,0,images/picture_1.png,images/picture_1.png,0,"[-11.733433509789462, 11.733433509789464]",-11.733433509789462,11.733433509789464,images/picture_2.png,1,"[-11.733433509789466, -11.733433509789462]",-11.733433509789464,-11.733433509789462,images/picture_3.png,2,"[11.733433509789462, -11.733433509789466]",11.733433509789462,-11.733433509789464,0,1,1,1.1955301040240789,2.1955301040240793,0.8044698959759213,3.0,1,1.9455301040240789,0,4.0,3.0,1,2,1.0,7.0, , , , , , , , 
20,PRED,12,1.1955301040240789,0,images/picture_1.png,images/picture_1.png,0,"[11.733433509789462, -11.733433509789466]",11.733433509789462,-11.733433509789464,images/picture_2.png,1,"[-11.733433509789462, 11.733433509789464]",-11.733433509789462,11.733433509789464,images/picture_3.png,2,"[-11.733433509789466, -11.733433509789462]",-11.733433509789464,-11.733433509789462,0,1,1,1.1955301040240789,2.1955301040240793,0.8044698959759213,3.0,1,1.9455301040240789,0,4.0,3.0,1,2,1.0,2.0, , , , , , , , 
21,PRED,12,1.1955301040240789,0,images/picture_1.png,images/picture_1.png,0,"[11.733433509789464, 11.733433509789462]",11.733433509789464,11.733433509789462,images/picture_2.png,1,"[-11.733433509789466, -11.733433509789462]",-11.733433509789464,-11.733433509789462,images/picture_3.png,2,"[-11.733433509789462, 11.733433509789464]",-11.733433509789462,11.733433509789464,0,1,1,1.1955301040240789,2.1955301040240793,0.8044698959759213,3.0,1,1.9455301040240789,0,4.0,3.0,1,2,1.0,5.0, , , , , , , , 
22,PRED,12,1.1955301040240789,0,images/picture_1.png,images/picture_1.png,0,"[11.733433509789462, -11.733433509789466]",11.733433509789462,-11.733433509789464,images/picture_2.png,1,"[-11.733433509789462, 11.733433509789464]",-11.733433509789462,11.733433509789464,images/picture_3.png,2,"[-11.733433509789466, -11.733433509789462]",-11.733433509789464,-11.733433509789462,0,1,1,1.1955301040240789,2.1955301040240793,0.8044698959759213,3.0,1,1.9455301040240789,0,4.0,3.0,1,2,1.0,0.0, , , , , , , , 
23,PRED,12,1.1955301040240789,0,images/picture_1.png,images/picture_1.png,0,"[11.733433509789464, 11.733433509789462]",11.733433509789464,11.733433509789462,images/picture_2.png,1,"[-11.733433509789466, -11.733433509789462]",-11.733433509789464,-11.733433509789462,images/picture_3.png,2,"[-11.733433509789462, 11.733433509789464]",-11.733433509789462,11.733433509789464,0,1,1,1.1955301040240789,2.1955301040240793,0.8044698959759213,3.0,1,1.9455301040240789,0,4.0,3.0,1,2,1.0,4.0, , , , , , , , 
24,PRED,12,1.1955301040240789,0,images/picture_1.png,images/picture_1.png,0,"[11.733433509789462, -11.733433509789466]",11.733433509789462,-11.733433509789464,images/picture_2.png,1,"[11.733433509789464, 11.733433509789462]",11.733433509789464,11.733433509789462,images/picture_3.png,2,"[-11.733433509789466, -11.733433509789462]",-11.733433509789464,-11.733433509789462,0,1,1,1.1955301040240789,2.1955301040240793,0.8044698959759213,3.0,1,1.9455301040240789,0,4.0,3.0,1,2,1.0,8.0, , , , , , , , 
25,PRED,12,1.1955301040240789,0,images/picture_1.png,images/picture_1.png,0,"[-11.733433509789466, -11.733433509789462]",-11.733433509789464,-11.733433509789462,images/picture_2.png,1,"[11.733433509789464, 11.733433509789462]",11.733433509789464,11.733433509789462,images/picture_3.png,2,"[11.733433509789462, -11.733433509789466]",11.733433509789462,-11.733433509789464,0,1,1,1.1955301040240789,2.1955301040240793,0.8044698959759213,3.0,1,1.9455301040240789,0,4.0,3.0,1,2,1.0,3.0, , , , , , , , 
26,PRED,12,1.1955301040240789,0,images/picture_1.png,images/picture_1.png,0,"[-11.733433509789462, 11.733433509789464]",-11.733433509789462,11.733433509789464,images/picture_2.png,1,"[11.733433509789464, 11.733433509789462]",11.733433509789464,11.733433509789462,images/picture_3.png,2,"[-11.733433509789466, -11.733433509789462]",-11.733433509789464,-11.733433509789462,0,1,1,1.1955301040240789,2.1955301040240793,0.8044698959759213,3.0,1,1.9455301040240789,0,4.0,3.0,1,2,1.0,1.0, , , , , , , , 

extraInfo
participant,200003
session,105
date,2023-03-24_13h28.15.864
expName,DMS_et_12-36
psychopyVersion,2022.2.4
frameRate,None
﻿trial_count,blockType,blockNum,delay_time,stimImage_i,stimImage,responseImage1,responseImage1_i,responseImage1_pos,responseImage1_X,responseImage1_Y,responseImage2,responseImage2_i,responseImage2_pos,responseImage2_X,responseImage2_Y,responseImage3,responseImage3_i,responseImage3_pos,responseImage3_X,responseImage3_Y,cue_onset,cue_dur,delay_onset,delay_dur,resp_onset,resp_dur,rest_onset,rest_dur,circle_dur,circle_onset,total_dur,cross_onset,cross_dur,delay_resp_period,n,order,,,,,,,,
27,UNPRED,12,1.1955301040240789,2,images/picture_3.png,images/picture_1.png,0,"[11.733433509789464, 11.733433509789462]",11.733433509789464,11.733433509789462,images/picture_2.png,1,"[11.733433509789462, -11.733433509789466]",11.733433509789462,-11.733433509789464,images/picture_3.png,2,"[-11.733433509789462, 11.733433509789464]",-11.733433509789462,11.733433509789464,0,1,1,1.1955301040240789,2.1955301040240793,0.8044698959759213,3.0,1,1.9455301040240789,0,4.0,3.0,1,2,1.0,1.0, , , , , , , , 
28,UNPRED,12,1.1955301040240789,2,images/picture_3.png,images/picture_1.png,0,"[11.733433509789464, 11.733433509789462]",11.733433509789464,11.733433509789462,images/picture_2.png,1,"[-11.733433509789462, 11.733433509789464]",-11.733433509789462,11.733433509789464,images/picture_3.png,2,"[11.733433509789462, -11.733433509789466]",11.733433509789462,-11.733433509789464,0,1,1,1.1955301040240789,2.1955301040240793,0.8044698959759213,3.0,1,1.9455301040240789,0,4.0,3.0,1,2,1.0,7.0, , , , , , , , 
29,UNPRED,12,1.1955301040240789,1,images/picture_2.png,images/picture_1.png,0,"[-11.733433509789466, -11.733433509789462]",-11.733433509789464,-11.733433509789462,images/picture_2.png,1,"[-11.733433509789462, 11.733433509789464]",-11.733433509789462,11.733433509789464,images/picture_3.png,2,"[11.733433509789462, -11.733433509789466]",11.733433509789462,-11.733433509789464,0,1,1,1.1955301040240789,2.1955301040240793,0.8044698959759213,3.0,1,1.9455301040240789,0,4.0,3.0,1,2,1.0,8.0, , , , , , , , 
30,UNPRED,12,1.1955301040240789,0,images/picture_1.png,images/picture_1.png,0,"[-11.733433509789466, -11.733433509789462]",-11.733433509789464,-11.733433509789462,images/picture_2.png,1,"[-11.733433509789462, 11.733433509789464]",-11.733433509789462,11.733433509789464,images/picture_3.png,2,"[11.733433509789464, 11.733433509789462]",11.733433509789464,11.733433509789462,0,1,1,1.1955301040240789,2.1955301040240793,0.8044698959759213,3.0,1,1.9455301040240789,0,4.0,3.0,1,2,1.0,5.0, , , , , , , , 
31,UNPRED,12,1.1955301040240789,1,images/picture_2.png,images/picture_1.png,0,"[11.733433509789464, 11.733433509789462]",11.733433509789464,11.733433509789462,images/picture_2.png,1,"[11.733433509789462, -11.733433509789466]",11.733433509789462,-11.733433509789464,images/picture_3.png,2,"[-11.733433509789466, -11.733433509789462]",-11.733433509789464,-11.733433509789462,0,1,1,1.1955301040240789,2.1955301040240793,0.8044698959759213,3.0,1,1.9455301040240789,0,4.0,3.0,1,2,1.0,6.0, , , , , , , , 
32,UNPRED,12,1.1955301040240789,1,images/picture_2.png,images/picture_1.png,0,"[-11.733433509789466, -11.733433509789462]",-11.733433509789464,-11.733433509789462,images/picture_2.png,1,"[11.733433509789464, 11.733433509789462]",11.733433509789464,11.733433509789462,images/picture_3.png,2,"[-11.733433509789462, 11.733433509789464]",-11.733433509789462,11.733433509789464,0,1,1,1.1955301040240789,2.1955301040240793,0.8044698959759213,3.0,1,1.9455301040240789,0,4.0,3.0,1,2,1.0,0.0, , , , , , , , 
33,UNPRED,12,1.1955301040240789,0,images/picture_1.png,images/picture_1.png,0,"[-11.733433509789462, 11.733433509789464]",-11.733433509789462,11.733433509789464,images/picture_2.png,1,"[11.733433509789464, 11.733433509789462]",11.733433509789464,11.733433509789462,images/picture_3.png,2,"[11.733433509789462, -11.733433509789466]",11.733433509789462,-11.733433509789464,0,1,1,1.1955301040240789,2.1955301040240793,0.8044698959759213,3.0,1,1.9455301040240789,0,4.0,3.0,1,2,1.0,3.0, , , , , , , , 
34,UNPRED,12,1.1955301040240789,2,images/picture_3.png,images/picture_1.png,0,"[-11.733433509789462, 11.733433509789464]",-11.733433509789462,11.733433509789464,images/picture_2.png,1,"[11.733433509789462, -11.733433509789466]",11.733433509789462,-11.733433509789464,images/picture_3.png,2,"[-11.733433509789466, -11.733433509789462]",-11.733433509789464,-11.733433509789462,0,1,1,1.1955301040240789,2.1955301040240793,0.8044698959759213,3.0,1,1.9455301040240789,0,4.0,3.0,1,2,1.0,2.0, , , , , , , , 
35,UNPRED,12,1.1955301040240789,0,images/picture_1.png,images/picture_1.png,0,"[-11.733433509789462, 11.733433509789464]",-11.733433509789462,11.733433509789464,images/picture_2.png,1,"[11.733433509789464, 11.733433509789462]",11.733433509789464,11.733433509789462,images/picture_3.png,2,"[11.733433509789462, -11.733433509789466]",11.733433509789462,-11.733433509789464,0,1,1,1.1955301040240789,2.1955301040240793,0.8044698959759213,3.0,1,1.9455301040240789,0,4.0,3.0,1,2,1.0,4.0, , , , , , , , 

extraInfo
participant,200003
session,105
date,2023-03-24_13h28.15.864
expName,DMS_et_12-36
psychopyVersion,2022.2.4
frameRate,None
﻿trial_count,blockType,blockNum,delay_time,stimImage_i,stimImage,responseImage1,responseImage1_i,responseImage1_pos,responseImage1_X,responseImage1_Y,responseImage2,responseImage2_i,responseImage2_pos,responseImage2_X,responseImage2_Y,responseImage3,responseImage3_i,responseImage3_pos,responseImage3_X,responseImage3_Y,cue_onset,cue_dur,delay_onset,delay_dur,resp_onset,resp_dur,rest_onset,rest_dur,circle_dur,circle_onset,total_dur,cross_onset,cross_dur,delay_resp_period,n,order,,,,,,,,
36,PRED,12,1.1955301040240789,0,images/picture_1.png,images/picture_1.png,0,"[-11.733433509789466, -11.733433509789462]",-11.733433509789464,-11.733433509789462,images/picture_2.png,1,"[-11.733433509789462, 11.733433509789464]",-11.733433509789462,11.733433509789464,images/picture_3.png,2,"[11.733433509789462, -11.733433509789466]",11.733433509789462,-11.733433509789464,0,1,1,1.1955301040240789,2.1955301040240793,0.8044698959759213,3.0,1,1.9455301040240789,0,4.0,3.0,1,2,1.0,6.0, , , , , , , , 
37,PRED,12,1.1955301040240789,0,images/picture_1.png,images/picture_1.png,0,"[11.733433509789462, -11.733433509789466]",11.733433509789462,-11.733433509789464,images/picture_2.png,1,"[11.733433509789464, 11.733433509789462]",11.733433509789464,11.733433509789462,images/picture_3.png,2,"[-11.733433509789466, -11.733433509789462]",-11.733433509789464,-11.733433509789462,0,1,1,1.1955301040240789,2.1955301040240793,0.8044698959759213,3.0,1,1.9455301040240789,0,4.0,3.0,1,2,1.0,4.0, , , , , , , , 
38,PRED,12,1.1955301040240789,0,images/picture_1.png,images/picture_1.png,0,"[11.733433509789464, 11.733433509789462]",11.733433509789464,11.733433509789462,images/picture_2.png,1,"[11.733433509789462, -11.733433509789466]",11.733433509789462,-11.733433509789464,images/picture_3.png,2,"[-11.733433509789462, 11.733433509789464]",-11.733433509789462,11.733433509789464,0,1,1,1.1955301040240789,2.1955301040240793,0.8044698959759213,3.0,1,1.9455301040240789,0,4.0,3.0,1,2,1.0,0.0, , , , , , , , 
39,PRED,12,1.1955301040240789,0,images/picture_1.png,images/picture_1.png,0,"[-11.733433509789462, 11.733433509789464]",-11.733433509789462,11.733433509789464,images/picture_2.png,1,"[11.733433509789462, -11.733433509789466]",11.733433509789462,-11.733433509789464,images/picture_3.png,2,"[-11.733433509789466, -11.733433509789462]",-11.733433509789464,-11.733433509789462,0,1,1,1.1955301040240789,2.1955301040240793,0.8044698959759213,3.0,1,1.9455301040240789,0,4.0,3.0,1,2,1.0,5.0, , , , , , , , 
40,PRED,12,1.1955301040240789,0,images/picture_1.png,images/picture_1.png,0,"[11.733433509789464, 11.733433509789462]",11.733433509789464,11.733433509789462,images/picture_2.png,1,"[-11.733433509789466, -11.733433509789462]",-11.733433509789464,-11.733433509789462,images/picture_3.png,2,"[11.733433509789462, -11.733433509789466]",11.733433509789462,-11.733433509789464,0,1,1,1.1955301040240789,2.1955301040240793,0.8044698959759213,3.0,1,1.9455301040240789,0,4.0,3.0,1,2,1.0,1.0, , , , , , , , 
41,PRED,12,1.1955301040240789,0,images/picture_1.png,images/picture_1.png,0,"[11.733433509789462, -11.733433509789466]",11.733433509789462,-11.733433509789464,images/picture_2.png,1,"[-11.733433509789462, 11.733433509789464]",-11.733433509789462,11.733433509789464,images/picture_3.png,2,"[-11.733433509789466, -11.733433509789462]",-11.733433509789464,-11.733433509789462,0,1,1,1.1955301040240789,2.1955301040240793,0.8044698959759213,3.0,1,1.9455301040240789,0,4.0,3.0,1,2,1.0,2.0, , , , , , , , 
42,PRED,12,1.1955301040240789,0,images/picture_1.png,images/picture_1.png,0,"[11.733433509789462, -11.733433509789466]",11.733433509789462,-11.733433509789464,images/picture_2.png,1,"[-11.733433509789462, 11.733433509789464]",-11.733433509789462,11.733433509789464,images/picture_3.png,2,"[11.733433509789464, 11.733433509789462]",11.733433509789464,11.733433509789462,0,1,1,1.1955301040240789,2.1955301040240793,0.8044698959759213,3.0,1,1.9455301040240789,0,4.0,3.0,1,2,1.0,7.0, , , , , , , , 
43,PRED,12,1.1955301040240789,0,images/picture_1.png,images/picture_1.png,0,"[11.733433509789464, 11.733433509789462]",11.733433509789464,11.733433509789462,images/picture_2.png,1,"[-11.733433509789462, 11.733433509789464]",-11.733433509789462,11.733433509789464,images/picture_3.png,2,"[-11.733433509789466, -11.733433509789462]",-11.733433509789464,-11.733433509789462,0,1,1,1.1955301040240789,2.1955301040240793,0.8044698959759213,3.0,1,1.9455301040240789,0,4.0,3.0,1,2,1.0,3.0, , , , , , , , 
44,PRED,12,1.1955301040240789,0,images/picture_1.png,images/picture_1.png,0,"[11.733433509789462, -11.733433509789466]",11.733433509789462,-11.733433509789464,images/picture_2.png,1,"[11.733433509789464, 11.733433509789462]",11.733433509789464,11.733433509789462,images/picture_3.png,2,"[-11.733433509789466, -11.733433509789462]",-11.733433509789464,-11.733433509789462,0,1,1,1.1955301040240789,2.1955301040240793,0.8044698959759213,3.0,1,1.9455301040240789,0,4.0,3.0,1,2,1.0,8.0, , , , , , , , 

extraInfo
participant,200003
session,105
date,2023-03-24_13h28.15.864
expName,DMS_et_12-36
psychopyVersion,2022.2.4
frameRate,None
﻿trial_count,blockType,blockNum,delay_time,stimImage_i,stimImage,responseImage1,responseImage1_i,responseImage1_pos,responseImage1_X,responseImage1_Y,responseImage2,responseImage2_i,responseImage2_pos,responseImage2_X,responseImage2_Y,responseImage3,responseImage3_i,responseImage3_pos,responseImage3_X,responseImage3_Y,cue_onset,cue_dur,delay_onset,delay_dur,resp_onset,resp_dur,rest_onset,rest_dur,circle_dur,circle_onset,total_dur,cross_onset,cross_dur,delay_resp_period,n,order,,,,,,,,
45,UNPRED,12,1.1955301040240789,0,images/picture_1.png,images/picture_1.png,0,"[11.733433509789464, 11.733433509789462]",11.733433509789464,11.733433509789462,images/picture_2.png,1,"[11.733433509789462, -11.733433509789466]",11.733433509789462,-11.733433509789464,images/picture_3.png,2,"[-11.733433509789466, -11.733433509789462]",-11.733433509789464,-11.733433509789462,0,1,1,1.1955301040240789,2.1955301040240793,0.8044698959759213,3.0,1,1.9455301040240789,0,4.0,3.0,1,2,1.0,8.0, , , , , , , , 
46,UNPRED,12,1.1955301040240789,0,images/picture_1.png,images/picture_1.png,0,"[-11.733433509789466, -11.733433509789462]",-11.733433509789464,-11.733433509789462,images/picture_2.png,1,"[-11.733433509789462, 11.733433509789464]",-11.733433509789462,11.733433509789464,images/picture_3.png,2,"[11.733433509789464, 11.733433509789462]",11.733433509789464,11.733433509789462,0,1,1,1.1955301040240789,2.1955301040240793,0.8044698959759213,3.0,1,1.9455301040240789,0,4.0,3.0,1,2,1.0,3.0, , , , , , , , 
47,UNPRED,12,1.1955301040240789,0,images/picture_1.png,images/picture_1.png,0,"[-11.733433509789466, -11.733433509789462]",-11.733433509789464,-11.733433509789462,images/picture_2.png,1,"[11.733433509789464, 11.733433509789462]",11.733433509789464,11.733433509789462,images/picture_3.png,2,"[-11.733433509789462, 11.733433509789464]",-11.733433509789462,11.733433509789464,0,1,1,1.1955301040240789,2.1955301040240793,0.8044698959759213,3.0,1,1.9455301040240789,0,4.0,3.0,1,2,1.0,2.0, , , , , , , , 
48,UNPRED,12,1.1955301040240789,1,images/picture_2.png,images/picture_1.png,0,"[-11.733433509789462, 11.733433509789464]",-11.733433509789462,11.733433509789464,images/picture_2.png,1,"[11.733433509789464, 11.733433509789462]",11.733433509789464,11.733433509789462,images/picture_3.png,2,"[11.733433509789462, -11.733433509789466]",11.733433509789462,-11.733433509789464,0,1,1,1.1955301040240789,2.1955301040240793,0.8044698959759213,3.0,1,1.9455301040240789,0,4.0,3.0,1,2,1.0,5.0, , , , , , , , 
49,UNPRED,12,1.1955301040240789,1,images/picture_2.png,images/picture_1.png,0,"[11.733433509789462, -11.733433509789466]",11.733433509789462,-11.733433509789464,images/picture_2.png,1,"[-11.733433509789466, -11.733433509789462]",-11.733433509789464,-11.733433509789462,images/picture_3.png,2,"[11.733433509789464, 11.733433509789462]",11.733433509789464,11.733433509789462,0,1,1,1.1955301040240789,2.1955301040240793,0.8044698959759213,3.0,1,1.9455301040240789,0,4.0,3.0,1,2,1.0,7.0, , , , , , , , 
50,UNPRED,12,1.1955301040240789,0,images/picture_1.png,images/picture_1.png,0,"[11.733433509789462, -11.733433509789466]",11.733433509789462,-11.733433509789464,images/picture_2.png,1,"[-11.733433509789462, 11.733433509789464]",-11.733433509789462,11.733433509789464,images/picture_3.png,2,"[-11.733433509789466, -11.733433509789462]",-11.733433509789464,-11.733433509789462,0,1,1,1.1955301040240789,2.1955301040240793,0.8044698959759213,3.0,1,1.9455301040240789,0,4.0,3.0,1,2,1.0,0.0, , , , , , , , 
51,UNPRED,12,1.1955301040240789,2,images/picture_3.png,images/picture_1.png,0,"[11.733433509789464, 11.733433509789462]",11.733433509789464,11.733433509789462,images/picture_2.png,1,"[11.733433509789462, -11.733433509789466]",11.733433509789462,-11.733433509789464,images/picture_3.png,2,"[-11.733433509789466, -11.733433509789462]",-11.733433509789464,-11.733433509789462,0,1,1,1.1955301040240789,2.1955301040240793,0.8044698959759213,3.0,1,1.9455301040240789,0,4.0,3.0,1,2,1.0,4.0, , , , , , , , 
52,UNPRED,12,1.1955301040240789,0,images/picture_1.png,images/picture_1.png,0,"[-11.733433509789462, 11.733433509789464]",-11.733433509789462,11.733433509789464,images/picture_2.png,1,"[11.733433509789462, -11.733433509789466]",11.733433509789462,-11.733433509789464,images/picture_3.png,2,"[-11.733433509789466, -11.733433509789462]",-11.733433509789464,-11.733433509789462,0,1,1,1.1955301040240789,2.1955301040240793,0.8044698959759213,3.0,1,1.9455301040240789,0,4.0,3.0,1,2,1.0,1.0, , , , , , , , 
53,UNPRED,12,1.1955301040240789,1,images/picture_2.png,images/picture_1.png,0,"[-11.733433509789466, -11.733433509789462]",-11.733433509789464,-11.733433509789462,images/picture_2.png,1,"[11.733433509789462, -11.733433509789466]",11.733433509789462,-11.733433509789464,images/picture_3.png,2,"[11.733433509789464, 11.733433509789462]",11.733433509789464,11.733433509789462,0,1,1,1.1955301040240789,2.1955301040240793,0.8044698959759213,3.0,1,1.9455301040240789,0,4.0,3.0,1,2,1.0,6.0, , , , , , , , 

extraInfo
participant,200003
session,105
date,2023-03-24_13h28.15.864
expName,DMS_et_12-36
psychopyVersion,2022.2.4
frameRate,None
﻿trial_count,blockType,blockNum,delay_time,stimImage_i,stimImage,responseImage1,responseImage1_i,responseImage1_pos,responseImage1_X,responseImage1_Y,responseImage2,responseImage2_i,responseImage2_pos,responseImage2_X,responseImage2_Y,responseImage3,responseImage3_i,responseImage3_pos,responseImage3_X,responseImage3_Y,cue_onset,cue_dur,delay_onset,delay_dur,resp_onset,resp_dur,rest_onset,rest_dur,circle_dur,circle_onset,total_dur,cross_onset,cross_dur,delay_resp_period,n,order,,,,,,,,
54,PRED,12,1.1955301040240789,0,images/picture_1.png,images/picture_1.png,0,"[-11.733433509789462, 11.733433509789464]",-11.733433509789462,11.733433509789464,images/picture_2.png,1,"[11.733433509789464, 11.733433509789462]",11.733433509789464,11.733433509789462,images/picture_3.png,2,"[11.733433509789462, -11.733433509789466]",11.733433509789462,-11.733433509789464,0,1,1,1.1955301040240789,2.1955301040240793,0.8044698959759213,3.0,1,1.9455301040240789,0,4.0,3.0,1,2,1.0,2.0, , , , , , , , 
55,PRED,12,1.1955301040240789,0,images/picture_1.png,images/picture_1.png,0,"[-11.733433509789462, 11.733433509789464]",-11.733433509789462,11.733433509789464,images/picture_2.png,1,"[11.733433509789462, -11.733433509789466]",11.733433509789462,-11.733433509789464,images/picture_3.png,2,"[11.733433509789464, 11.733433509789462]",11.733433509789464,11.733433509789462,0,1,1,1.1955301040240789,2.1955301040240793,0.8044698959759213,3.0,1,1.9455301040240789,0,4.0,3.0,1,2,1.0,7.0, , , , , , , , 
56,PRED,12,1.1955301040240789,0,images/picture_1.png,images/picture_1.png,0,"[-11.733433509789462, 11.733433509789464]",-11.733433509789462,11.733433509789464,images/picture_2.png,1,"[-11.733433509789466, -11.733433509789462]",-11.733433509789464,-11.733433509789462,images/picture_3.png,2,"[11.733433509789464, 11.733433509789462]",11.733433509789464,11.733433509789462,0,1,1,1.1955301040240789,2.1955301040240793,0.8044698959759213,3.0,1,1.9455301040240789,0,4.0,3.0,1,2,1.0,5.0, , , , , , , , 
57,PRED,12,1.1955301040240789,0,images/picture_1.png,images/picture_1.png,0,"[-11.733433509789462, 11.733433509789464]",-11.733433509789462,11.733433509789464,images/picture_2.png,1,"[-11.733433509789466, -11.733433509789462]",-11.733433509789464,-11.733433509789462,images/picture_3.png,2,"[11.733433509789464, 11.733433509789462]",11.733433509789464,11.733433509789462,0,1,1,1.1955301040240789,2.1955301040240793,0.8044698959759213,3.0,1,1.9455301040240789,0,4.0,3.0,1,2,1.0,4.0, , , , , , , , 
58,PRED,12,1.1955301040240789,0,images/picture_1.png,images/picture_1.png,0,"[11.733433509789462, -11.733433509789466]",11.733433509789462,-11.733433509789464,images/picture_2.png,1,"[-11.733433509789466, -11.733433509789462]",-11.733433509789464,-11.733433509789462,images/picture_3.png,2,"[-11.733433509789462, 11.733433509789464]",-11.733433509789462,11.733433509789464,0,1,1,1.1955301040240789,2.1955301040240793,0.8044698959759213,3.0,1,1.9455301040240789,0,4.0,3.0,1,2,1.0,8.0, , , , , , , , 
59,PRED,12,1.1955301040240789,0,images/picture_1.png,images/picture_1.png,0,"[11.733433509789462, -11.733433509789466]",11.733433509789462,-11.733433509789464,images/picture_2.png,1,"[-11.733433509789462, 11.733433509789464]",-11.733433509789462,11.733433509789464,images/picture_3.png,2,"[11.733433509789464, 11.733433509789462]",11.733433509789464,11.733433509789462,0,1,1,1.1955301040240789,2.1955301040240793,0.8044698959759213,3.0,1,1.9455301040240789,0,4.0,3.0,1,2,1.0,1.0, , , , , , , , 
60,PRED,12,1.1955301040240789,0,images/picture_1.png,images/picture_1.png,0,"[11.733433509789464, 11.733433509789462]",11.733433509789464,11.733433509789462,images/picture_2.png,1,"[11.733433509789462, -11.733433509789466]",11.733433509789462,-11.733433509789464,images/picture_3.png,2,"[-11.733433509789462, 11.733433509789464]",-11.733433509789462,11.733433509789464,0,1,1,1.1955301040240789,2.1955301040240793,0.8044698959759213,3.0,1,1.9455301040240789,0,4.0,3.0,1,2,1.0,3.0, , , , , , , , 
61,PRED,12,1.1955301040240789,0,images/picture_1.png,images/picture_1.png,0,"[-11.733433509789466, -11.733433509789462]",-11.733433509789464,-11.733433509789462,images/picture_2.png,1,"[11.733433509789464, 11.733433509789462]",11.733433509789464,11.733433509789462,images/picture_3.png,2,"[-11.733433509789462, 11.733433509789464]",-11.733433509789462,11.733433509789464,0,1,1,1.1955301040240789,2.1955301040240793,0.8044698959759213,3.0,1,1.9455301040240789,0,4.0,3.0,1,2,1.0,0.0, , , , , , , , 
62,PRED,12,1.1955301040240789,0,images/picture_1.png,images/picture_1.png,0,"[11.733433509789462, -11.733433509789466]",11.733433509789462,-11.733433509789464,images/picture_2.png,1,"[11.733433509789464, 11.733433509789462]",11.733433509789464,11.733433509789462,images/picture_3.png,2,"[-11.733433509789466, -11.733433509789462]",-11.733433509789464,-11.733433509789462,0,1,1,1.1955301040240789,2.1955301040240793,0.8044698959759213,3.0,1,1.9455301040240789,0,4.0,3.0,1,2,1.0,6.0, , , , , , , , 

extraInfo
participant,200003
session,105
date,2023-03-24_13h28.15.864
expName,DMS_et_12-36
psychopyVersion,2022.2.4
frameRate,None
﻿trial_count,blockType,blockNum,delay_time,stimImage_i,stimImage,responseImage1,responseImage1_i,responseImage1_pos,responseImage1_X,responseImage1_Y,responseImage2,responseImage2_i,responseImage2_pos,responseImage2_X,responseImage2_Y,responseImage3,responseImage3_i,responseImage3_pos,responseImage3_X,responseImage3_Y,cue_onset,cue_dur,delay_onset,delay_dur,resp_onset,resp_dur,rest_onset,rest_dur,circle_dur,circle_onset,total_dur,cross_onset,cross_dur,delay_resp_period,n,order,,,,,,,,
63,UNPRED,12,1.1955301040240789,0,images/picture_1.png,images/picture_1.png,0,"[-11.733433509789466, -11.733433509789462]",-11.733433509789464,-11.733433509789462,images/picture_2.png,1,"[-11.733433509789462, 11.733433509789464]",-11.733433509789462,11.733433509789464,images/picture_3.png,2,"[11.733433509789464, 11.733433509789462]",11.733433509789464,11.733433509789462,0,1,1,1.1955301040240789,2.1955301040240793,0.8044698959759213,3.0,1,1.9455301040240789,0,4.0,3.0,1,2,1.0,7.0, , , , , , , , 
64,UNPRED,12,1.1955301040240789,0,images/picture_1.png,images/picture_1.png,0,"[-11.733433509789462, 11.733433509789464]",-11.733433509789462,11.733433509789464,images/picture_2.png,1,"[11.733433509789464, 11.733433509789462]",11.733433509789464,11.733433509789462,images/picture_3.png,2,"[-11.733433509789466, -11.733433509789462]",-11.733433509789464,-11.733433509789462,0,1,1,1.1955301040240789,2.1955301040240793,0.8044698959759213,3.0,1,1.9455301040240789,0,4.0,3.0,1,2,1.0,5.0, , , , , , , , 
65,UNPRED,12,1.1955301040240789,0,images/picture_1.png,images/picture_1.png,0,"[11.733433509789464, 11.733433509789462]",11.733433509789464,11.733433509789462,images/picture_2.png,1,"[-11.733433509789466, -11.733433509789462]",-11.733433509789464,-11.733433509789462,images/picture_3.png,2,"[11.733433509789462, -11.733433509789466]",11.733433509789462,-11.733433509789464,0,1,1,1.1955301040240789,2.1955301040240793,0.8044698959759213,3.0,1,1.9455301040240789,0,4.0,3.0,1,2,1.0,2.0, , , , , , , , 
66,UNPRED,12,1.1955301040240789,0,images/picture_1.png,images/picture_1.png,0,"[-11.733433509789462, 11.733433509789464]",-11.733433509789462,11.733433509789464,images/picture_2.png,1,"[-11.733433509789466, -11.733433509789462]",-11.733433509789464,-11.733433509789462,images/picture_3.png,2,"[11.733433509789464, 11.733433509789462]",11.733433509789464,11.733433509789462,0,1,1,1.1955301040240789,2.1955301040240793,0.8044698959759213,3.0,1,1.9455301040240789,0,4.0,3.0,1,2,1.0,6.0, , , , , , , , 
67,UNPRED,12,1.1955301040240789,1,images/picture_2.png,images/picture_1.png,0,"[11.733433509789462, -11.733433509789466]",11.733433509789462,-11.733433509789464,images/picture_2.png,1,"[-11.733433509789466, -11.733433509789462]",-11.733433509789464,-11.733433509789462,images/picture_3.png,2,"[11.733433509789464, 11.733433509789462]",11.733433509789464,11.733433509789462,0,1,1,1.1955301040240789,2.1955301040240793,0.8044698959759213,3.0,1,1.9455301040240789,0,4.0,3.0,1,2,1.0,4.0, , , , , , , , 
68,UNPRED,12,1.1955301040240789,1,images/picture_2.png,images/picture_1.png,0,"[-11.733433509789466, -11.733433509789462]",-11.733433509789464,-11.733433509789462,images/picture_2.png,1,"[11.733433509789462, -11.733433509789466]",11.733433509789462,-11.733433509789464,images/picture_3.png,2,"[-11.733433509789462, 11.733433509789464]",-11.733433509789462,11.733433509789464,0,1,1,1.1955301040240789,2.1955301040240793,0.8044698959759213,3.0,1,1.9455301040240789,0,4.0,3.0,1,2,1.0,0.0, , , , , , , , 
69,UNPRED,12,1.1955301040240789,0,images/picture_1.png,images/picture_1.png,0,"[-11.733433509789462, 11.733433509789464]",-11.733433509789462,11.733433509789464,images/picture_2.png,1,"[11.733433509789464, 11.733433509789462]",11.733433509789464,11.733433509789462,images/picture_3.png,2,"[11.733433509789462, -11.733433509789466]",11.733433509789462,-11.733433509789464,0,1,1,1.1955301040240789,2.1955301040240793,0.8044698959759213,3.0,1,1.9455301040240789,0,4.0,3.0,1,2,1.0,8.0, , , , , , , , 
70,UNPRED,12,1.1955301040240789,2,images/picture_3.png,images/picture_1.png,0,"[-11.733433509789462, 11.733433509789464]",-11.733433509789462,11.733433509789464,images/picture_2.png,1,"[-11.733433509789466, -11.733433509789462]",-11.733433509789464,-11.733433509789462,images/picture_3.png,2,"[11.733433509789462, -11.733433509789466]",11.733433509789462,-11.733433509789464,0,1,1,1.1955301040240789,2.1955301040240793,0.8044698959759213,3.0,1,1.9455301040240789,0,4.0,3.0,1,2,1.0,3.0, , , , , , , , 
71,UNPRED,12,1.1955301040240789,0,images/picture_1.png,images/picture_1.png,0,"[-11.733433509789466, -11.733433509789462]",-11.733433509789464,-11.733433509789462,images/picture_2.png,1,"[-11.733433509789462, 11.733433509789464]",-11.733433509789462,11.733433509789464,images/picture_3.png,2,"[11.733433509789464, 11.733433509789462]",11.733433509789464,11.733433509789462,0,1,1,1.1955301040240789,2.1955301040240793,0.8044698959759213,3.0,1,1.9455301040240789,0,4.0,3.0,1,2,1.0,1.0, , , , , , , , 

extraInfo
participant,200003
session,105
date,2023-03-24_13h28.15.864
expName,DMS_et_12-36
psychopyVersion,2022.2.4
frameRate,None
﻿trial_count,blockType,blockNum,delay_time,stimImage_i,stimImage,responseImage1,responseImage1_i,responseImage1_pos,responseImage1_X,responseImage1_Y,responseImage2,responseImage2_i,responseImage2_pos,responseImage2_X,responseImage2_Y,responseImage3,responseImage3_i,responseImage3_pos,responseImage3_X,responseImage3_Y,cue_onset,cue_dur,delay_onset,delay_dur,resp_onset,resp_dur,rest_onset,rest_dur,circle_dur,circle_onset,total_dur,cross_onset,cross_dur,delay_resp_period,n,order,,,,,,,,
72,PRED,12,1.1955301040240789,1,images/picture_2.png,images/picture_1.png,0,"[11.733433509789462, -11.733433509789466]",11.733433509789462,-11.733433509789464,images/picture_2.png,1,"[11.733433509789464, 11.733433509789462]",11.733433509789464,11.733433509789462,images/picture_3.png,2,"[-11.733433509789466, -11.733433509789462]",-11.733433509789464,-11.733433509789462,0,1,1,1.1955301040240789,2.1955301040240793,0.8044698959759213,3.0,1,1.9455301040240789,0,4.0,3.0,1,2,1.0,0.0, , , , , , , , 
73,PRED,12,1.1955301040240789,1,images/picture_2.png,images/picture_1.png,0,"[-11.733433509789466, -11.733433509789462]",-11.733433509789464,-11.733433509789462,images/picture_2.png,1,"[11.733433509789464, 11.733433509789462]",11.733433509789464,11.733433509789462,images/picture_3.png,2,"[-11.733433509789462, 11.733433509789464]",-11.733433509789462,11.733433509789464,0,1,1,1.1955301040240789,2.1955301040240793,0.8044698959759213,3.0,1,1.9455301040240789,0,4.0,3.0,1,2,1.0,3.0, , , , , , , , 
74,PRED,12,1.1955301040240789,1,images/picture_2.png,images/picture_1.png,0,"[-11.733433509789466, -11.733433509789462]",-11.733433509789464,-11.733433509789462,images/picture_2.png,1,"[11.733433509789464, 11.733433509789462]",11.733433509789464,11.733433509789462,images/picture_3.png,2,"[11.733433509789462, -11.733433509789466]",11.733433509789462,-11.733433509789464,0,1,1,1.1955301040240789,2.1955301040240793,0.8044698959759213,3.0,1,1.9455301040240789,0,4.0,3.0,1,2,1.0,4.0, , , , , , , , 
75,PRED,12,1.1955301040240789,1,images/picture_2.png,images/picture_1.png,0,"[-11.733433509789462, 11.733433509789464]",-11.733433509789462,11.733433509789464,images/picture_2.png,1,"[11.733433509789464, 11.733433509789462]",11.733433509789464,11.733433509789462,images/picture_3.png,2,"[11.733433509789462, -11.733433509789466]",11.733433509789462,-11.733433509789464,0,1,1,1.1955301040240789,2.1955301040240793,0.8044698959759213,3.0,1,1.9455301040240789,0,4.0,3.0,1,2,1.0,7.0, , , , , , , , 
76,PRED,12,1.1955301040240789,1,images/picture_2.png,images/picture_1.png,0,"[-11.733433509789466, -11.733433509789462]",-11.733433509789464,-11.733433509789462,images/picture_2.png,1,"[11.733433509789464, 11.733433509789462]",11.733433509789464,11.733433509789462,images/picture_3.png,2,"[11.733433509789462, -11.733433509789466]",11.733433509789462,-11.733433509789464,0,1,1,1.1955301040240789,2.1955301040240793,0.8044698959759213,3.0,1,1.9455301040240789,0,4.0,3.0,1,2,1.0,6.0, , , , , , , , 
77,PRED,12,1.1955301040240789,1,images/picture_2.png,images/picture_1.png,0,"[11.733433509789462, -11.733433509789466]",11.733433509789462,-11.733433509789464,images/picture_2.png,1,"[11.733433509789464, 11.733433509789462]",11.733433509789464,11.733433509789462,images/picture_3.png,2,"[-11.733433509789462, 11.733433509789464]",-11.733433509789462,11.733433509789464,0,1,1,1.1955301040240789,2.1955301040240793,0.8044698959759213,3.0,1,1.9455301040240789,0,4.0,3.0,1,2,1.0,5.0, , , , , , , , 
78,PRED,12,1.1955301040240789,1,images/picture_2.png,images/picture_1.png,0,"[-11.733433509789462, 11.733433509789464]",-11.733433509789462,11.733433509789464,images/picture_2.png,1,"[11.733433509789464, 11.733433509789462]",11.733433509789464,11.733433509789462,images/picture_3.png,2,"[-11.733433509789466, -11.733433509789462]",-11.733433509789464,-11.733433509789462,0,1,1,1.1955301040240789,2.1955301040240793,0.8044698959759213,3.0,1,1.9455301040240789,0,4.0,3.0,1,2,1.0,8.0, , , , , , , , 
79,PRED,12,1.1955301040240789,1,images/picture_2.png,images/picture_1.png,0,"[-11.733433509789466, -11.733433509789462]",-11.733433509789464,-11.733433509789462,images/picture_2.png,1,"[-11.733433509789462, 11.733433509789464]",-11.733433509789462,11.733433509789464,images/picture_3.png,2,"[11.733433509789462, -11.733433509789466]",11.733433509789462,-11.733433509789464,0,1,1,1.1955301040240789,2.1955301040240793,0.8044698959759213,3.0,1,1.9455301040240789,0,4.0,3.0,1,2,1.0,1.0, , , , , , , , 
80,PRED,12,1.1955301040240789,1,images/picture_2.png,images/picture_1.png,0,"[11.733433509789462, -11.733433509789466]",11.733433509789462,-11.733433509789464,images/picture_2.png,1,"[-11.733433509789466, -11.733433509789462]",-11.733433509789464,-11.733433509789462,images/picture_3.png,2,"[11.733433509789464, 11.733433509789462]",11.733433509789464,11.733433509789462,0,1,1,1.1955301040240789,2.1955301040240793,0.8044698959759213,3.0,1,1.9455301040240789,0,4.0,3.0,1,2,1.0,2.0, , , , , , , , 

extraInfo
participant,200003
session,105
date,2023-03-24_13h28.15.864
expName,DMS_et_12-36
psychopyVersion,2022.2.4
frameRate,None
﻿trial_count,blockType,blockNum,delay_time,stimImage_i,stimImage,responseImage1,responseImage1_i,responseImage1_pos,responseImage1_X,responseImage1_Y,responseImage2,responseImage2_i,responseImage2_pos,responseImage2_X,responseImage2_Y,responseImage3,responseImage3_i,responseImage3_pos,responseImage3_X,responseImage3_Y,cue_onset,cue_dur,delay_onset,delay_dur,resp_onset,resp_dur,rest_onset,rest_dur,circle_dur,circle_onset,total_dur,cross_onset,cross_dur,delay_resp_period,n,order,,,,,,,,
81,UNPRED,12,1.1955301040240789,1,images/picture_2.png,images/picture_1.png,0,"[-11.733433509789462, 11.733433509789464]",-11.733433509789462,11.733433509789464,images/picture_2.png,1,"[11.733433509789462, -11.733433509789466]",11.733433509789462,-11.733433509789464,images/picture_3.png,2,"[-11.733433509789466, -11.733433509789462]",-11.733433509789464,-11.733433509789462,0,1,1,1.1955301040240789,2.1955301040240793,0.8044698959759213,3.0,1,1.9455301040240789,0,4.0,3.0,1,2,1.0,5.0, , , , , , , , 
82,UNPRED,12,1.1955301040240789,1,images/picture_2.png,images/picture_1.png,0,"[-11.733433509789462, 11.733433509789464]",-11.733433509789462,11.733433509789464,images/picture_2.png,1,"[-11.733433509789466, -11.733433509789462]",-11.733433509789464,-11.733433509789462,images/picture_3.png,2,"[11.733433509789462, -11.733433509789466]",11.733433509789462,-11.733433509789464,0,1,1,1.1955301040240789,2.1955301040240793,0.8044698959759213,3.0,1,1.9455301040240789,0,4.0,3.0,1,2,1.0,2.0, , , , , , , , 
83,UNPRED,12,1.1955301040240789,2,images/picture_3.png,images/picture_1.png,0,"[-11.733433509789466, -11.733433509789462]",-11.733433509789464,-11.733433509789462,images/picture_2.png,1,"[11.733433509789464, 11.733433509789462]",11.733433509789464,11.733433509789462,images/picture_3.png,2,"[11.733433509789462, -11.733433509789466]",11.733433509789462,-11.733433509789464,0,1,1,1.1955301040240789,2.1955301040240793,0.8044698959759213,3.0,1,1.9455301040240789,0,4.0,3.0,1,2,1.0,7.0, , , , , , , , 
84,UNPRED,12,1.1955301040240789,1,images/picture_2.png,images/picture_1.png,0,"[-11.733433509789466, -11.733433509789462]",-11.733433509789464,-11.733433509789462,images/picture_2.png,1,"[-11.733433509789462, 11.733433509789464]",-11.733433509789462,11.733433509789464,images/picture_3.png,2,"[11.733433509789464, 11.733433509789462]",11.733433509789464,11.733433509789462,0,1,1,1.1955301040240789,2.1955301040240793,0.8044698959759213,3.0,1,1.9455301040240789,0,4.0,3.0,1,2,1.0,3.0, , , , , , , , 
85,UNPRED,12,1.1955301040240789,0,images/picture_1.png,images/picture_1.png,0,"[-11.733433509789466, -11.733433509789462]",-11.733433509789464,-11.733433509789462,images/picture_2.png,1,"[-11.733433509789462, 11.733433509789464]",-11.733433509789462,11.733433509789464,images/picture_3.png,2,"[11.733433509789462, -11.733433509789466]",11.733433509789462,-11.733433509789464,0,1,1,1.1955301040240789,2.1955301040240793,0.8044698959759213,3.0,1,1.9455301040240789,0,4.0,3.0,1,2,1.0,0.0, , , , , , , , 
86,UNPRED,12,1.1955301040240789,1,images/picture_2.png,images/picture_1.png,0,"[11.733433509789464, 11.733433509789462]",11.733433509789464,11.733433509789462,images/picture_2.png,1,"[-11.733433509789462, 11.733433509789464]",-11.733433509789462,11.733433509789464,images/picture_3.png,2,"[11.733433509789462, -11.733433509789466]",11.733433509789462,-11.733433509789464,0,1,1,1.1955301040240789,2.1955301040240793,0.8044698959759213,3.0,1,1.9455301040240789,0,4.0,3.0,1,2,1.0,6.0, , , , , , , , 
87,UNPRED,12,1.1955301040240789,2,images/picture_3.png,images/picture_1.png,0,"[-11.733433509789462, 11.733433509789464]",-11.733433509789462,11.733433509789464,images/picture_2.png,1,"[11.733433509789462, -11.733433509789466]",11.733433509789462,-11.733433509789464,images/picture_3.png,2,"[11.733433509789464, 11.733433509789462]",11.733433509789464,11.733433509789462,0,1,1,1.1955301040240789,2.1955301040240793,0.8044698959759213,3.0,1,1.9455301040240789,0,4.0,3.0,1,2,1.0,8.0, , , , , , , , 
88,UNPRED,12,1.1955301040240789,2,images/picture_3.png,images/picture_1.png,0,"[11.733433509789462, -11.733433509789466]",11.733433509789462,-11.733433509789464,images/picture_2.png,1,"[-11.733433509789466, -11.733433509789462]",-11.733433509789464,-11.733433509789462,images/picture_3.png,2,"[11.733433509789464, 11.733433509789462]",11.733433509789464,11.733433509789462,0,1,1,1.1955301040240789,2.1955301040240793,0.8044698959759213,3.0,1,1.9455301040240789,0,4.0,3.0,1,2,1.0,1.0, , , , , , , , 
89,UNPRED,12,1.1955301040240789,2,images/picture_3.png,images/picture_1.png,0,"[11.733433509789464, 11.733433509789462]",11.733433509789464,11.733433509789462,images/picture_2.png,1,"[-11.733433509789462, 11.733433509789464]",-11.733433509789462,11.733433509789464,images/picture_3.png,2,"[-11.733433509789466, -11.733433509789462]",-11.733433509789464,-11.733433509789462,0,1,1,1.1955301040240789,2.1955301040240793,0.8044698959759213,3.0,1,1.9455301040240789,0,4.0,3.0,1,2,1.0,4.0, , , , , , , , 

extraInfo
participant,200003
session,105
date,2023-03-24_13h28.15.864
expName,DMS_et_12-36
psychopyVersion,2022.2.4
frameRate,None
﻿trial_count,blockType,blockNum,delay_time,stimImage_i,stimImage,responseImage1,responseImage1_i,responseImage1_pos,responseImage1_X,responseImage1_Y,responseImage2,responseImage2_i,responseImage2_pos,responseImage2_X,responseImage2_Y,responseImage3,responseImage3_i,responseImage3_pos,responseImage3_X,responseImage3_Y,cue_onset,cue_dur,delay_onset,delay_dur,resp_onset,resp_dur,rest_onset,rest_dur,circle_dur,circle_onset,total_dur,cross_onset,cross_dur,delay_resp_period,n,order,,,,,,,,
90,PRED,12,1.1955301040240789,0,images/picture_1.png,images/picture_1.png,0,"[11.733433509789464, 11.733433509789462]",11.733433509789464,11.733433509789462,images/picture_2.png,1,"[-11.733433509789466, -11.733433509789462]",-11.733433509789464,-11.733433509789462,images/picture_3.png,2,"[-11.733433509789462, 11.733433509789464]",-11.733433509789462,11.733433509789464,0,1,1,1.1955301040240789,2.1955301040240793,0.8044698959759213,3.0,1,1.9455301040240789,0,4.0,3.0,1,2,1.0,3.0, , , , , , , , 
91,PRED,12,1.1955301040240789,0,images/picture_1.png,images/picture_1.png,0,"[11.733433509789464, 11.733433509789462]",11.733433509789464,11.733433509789462,images/picture_2.png,1,"[11.733433509789462, -11.733433509789466]",11.733433509789462,-11.733433509789464,images/picture_3.png,2,"[-11.733433509789462, 11.733433509789464]",-11.733433509789462,11.733433509789464,0,1,1,1.1955301040240789,2.1955301040240793,0.8044698959759213,3.0,1,1.9455301040240789,0,4.0,3.0,1,2,1.0,6.0, , , , , , , , 
92,PRED,12,1.1955301040240789,0,images/picture_1.png,images/picture_1.png,0,"[-11.733433509789466, -11.733433509789462]",-11.733433509789464,-11.733433509789462,images/picture_2.png,1,"[11.733433509789464, 11.733433509789462]",11.733433509789464,11.733433509789462,images/picture_3.png,2,"[11.733433509789462, -11.733433509789466]",11.733433509789462,-11.733433509789464,0,1,1,1.1955301040240789,2.1955301040240793,0.8044698959759213,3.0,1,1.9455301040240789,0,4.0,3.0,1,2,1.0,5.0, , , , , , , , 
93,PRED,12,1.1955301040240789,0,images/picture_1.png,images/picture_1.png,0,"[11.733433509789464, 11.733433509789462]",11.733433509789464,11.733433509789462,images/picture_2.png,1,"[-11.733433509789462, 11.733433509789464]",-11.733433509789462,11.733433509789464,images/picture_3.png,2,"[-11.733433509789466, -11.733433509789462]",-11.733433509789464,-11.733433509789462,0,1,1,1.1955301040240789,2.1955301040240793,0.8044698959759213,3.0,1,1.9455301040240789,0,4.0,3.0,1,2,1.0,4.0, , , , , , , , 
94,PRED,12,1.1955301040240789,0,images/picture_1.png,images/picture_1.png,0,"[-11.733433509789462, 11.733433509789464]",-11.733433509789462,11.733433509789464,images/picture_2.png,1,"[11.733433509789462, -11.733433509789466]",11.733433509789462,-11.733433509789464,images/picture_3.png,2,"[11.733433509789464, 11.733433509789462]",11.733433509789464,11.733433509789462,0,1,1,1.1955301040240789,2.1955301040240793,0.8044698959759213,3.0,1,1.9455301040240789,0,4.0,3.0,1,2,1.0,7.0, , , , , , , , 
95,PRED,12,1.1955301040240789,0,images/picture_1.png,images/picture_1.png,0,"[-11.733433509789462, 11.733433509789464]",-11.733433509789462,11.733433509789464,images/picture_2.png,1,"[11.733433509789464, 11.733433509789462]",11.733433509789464,11.733433509789462,images/picture_3.png,2,"[11.733433509789462, -11.733433509789466]",11.733433509789462,-11.733433509789464,0,1,1,1.1955301040240789,2.1955301040240793,0.8044698959759213,3.0,1,1.9455301040240789,0,4.0,3.0,1,2,1.0,1.0, , , , , , , , 
96,PRED,12,1.1955301040240789,0,images/picture_1.png,images/picture_1.png,0,"[-11.733433509789466, -11.733433509789462]",-11.733433509789464,-11.733433509789462,images/picture_2.png,1,"[11.733433509789462, -11.733433509789466]",11.733433509789462,-11.733433509789464,images/picture_3.png,2,"[11.733433509789464, 11.733433509789462]",11.733433509789464,11.733433509789462,0,1,1,1.1955301040240789,2.1955301040240793,0.8044698959759213,3.0,1,1.9455301040240789,0,4.0,3.0,1,2,1.0,0.0, , , , , , , , 
97,PRED,12,1.1955301040240789,0,images/picture_1.png,images/picture_1.png,0,"[-11.733433509789466, -11.733433509789462]",-11.733433509789464,-11.733433509789462,images/picture_2.png,1,"[11.733433509789462, -11.733433509789466]",11.733433509789462,-11.733433509789464,images/picture_3.png,2,"[-11.733433509789462, 11.733433509789464]",-11.733433509789462,11.733433509789464,0,1,1,1.1955301040240789,2.1955301040240793,0.8044698959759213,3.0,1,1.9455301040240789,0,4.0,3.0,1,2,1.0,2.0, , , , , , , , 
98,PRED,12,1.1955301040240789,0,images/picture_1.png,images/picture_1.png,0,"[11.733433509789464, 11.733433509789462]",11.733433509789464,11.733433509789462,images/picture_2.png,1,"[11.733433509789462, -11.733433509789466]",11.733433509789462,-11.733433509789464,images/picture_3.png,2,"[-11.733433509789462, 11.733433509789464]",-11.733433509789462,11.733433509789464,0,1,1,1.1955301040240789,2.1955301040240793,0.8044698959759213,3.0,1,1.9455301040240789,0,4.0,3.0,1,2,1.0,8.0, , , , , , , , 

extraInfo
participant,200003
session,105
date,2023-03-24_13h28.15.864
expName,DMS_et_12-36
psychopyVersion,2022.2.4
frameRate,None
﻿trial_count,blockType,blockNum,delay_time,stimImage_i,stimImage,responseImage1,responseImage1_i,responseImage1_pos,responseImage1_X,responseImage1_Y,responseImage2,responseImage2_i,responseImage2_pos,responseImage2_X,responseImage2_Y,responseImage3,responseImage3_i,responseImage3_pos,responseImage3_X,responseImage3_Y,cue_onset,cue_dur,delay_onset,delay_dur,resp_onset,resp_dur,rest_onset,rest_dur,circle_dur,circle_onset,total_dur,cross_onset,cross_dur,delay_resp_period,n,order,,,,,,,,
99,UNPRED,12,1.1955301040240789,1,images/picture_2.png,images/picture_1.png,0,"[-11.733433509789466, -11.733433509789462]",-11.733433509789464,-11.733433509789462,images/picture_2.png,1,"[11.733433509789462, -11.733433509789466]",11.733433509789462,-11.733433509789464,images/picture_3.png,2,"[11.733433509789464, 11.733433509789462]",11.733433509789464,11.733433509789462,0,1,1,1.1955301040240789,2.1955301040240793,0.8044698959759213,3.0,1,1.9455301040240789,0,4.0,3.0,1,2,1.0,5.0, , , , , , , , 
100,UNPRED,12,1.1955301040240789,0,images/picture_1.png,images/picture_1.png,0,"[11.733433509789464, 11.733433509789462]",11.733433509789464,11.733433509789462,images/picture_2.png,1,"[-11.733433509789466, -11.733433509789462]",-11.733433509789464,-11.733433509789462,images/picture_3.png,2,"[-11.733433509789462, 11.733433509789464]",-11.733433509789462,11.733433509789464,0,1,1,1.1955301040240789,2.1955301040240793,0.8044698959759213,3.0,1,1.9455301040240789,0,4.0,3.0,1,2,1.0,8.0, , , , , , , , 
101,UNPRED,12,1.1955301040240789,0,images/picture_1.png,images/picture_1.png,0,"[-11.733433509789462, 11.733433509789464]",-11.733433509789462,11.733433509789464,images/picture_2.png,1,"[-11.733433509789466, -11.733433509789462]",-11.733433509789464,-11.733433509789462,images/picture_3.png,2,"[11.733433509789464, 11.733433509789462]",11.733433509789464,11.733433509789462,0,1,1,1.1955301040240789,2.1955301040240793,0.8044698959759213,3.0,1,1.9455301040240789,0,4.0,3.0,1,2,1.0,7.0, , , , , , , , 
102,UNPRED,12,1.1955301040240789,1,images/picture_2.png,images/picture_1.png,0,"[-11.733433509789462, 11.733433509789464]",-11.733433509789462,11.733433509789464,images/picture_2.png,1,"[11.733433509789464, 11.733433509789462]",11.733433509789464,11.733433509789462,images/picture_3.png,2,"[11.733433509789462, -11.733433509789466]",11.733433509789462,-11.733433509789464,0,1,1,1.1955301040240789,2.1955301040240793,0.8044698959759213,3.0,1,1.9455301040240789,0,4.0,3.0,1,2,1.0,6.0, , , , , , , , 
103,UNPRED,12,1.1955301040240789,0,images/picture_1.png,images/picture_1.png,0,"[-11.733433509789466, -11.733433509789462]",-11.733433509789464,-11.733433509789462,images/picture_2.png,1,"[-11.733433509789462, 11.733433509789464]",-11.733433509789462,11.733433509789464,images/picture_3.png,2,"[11.733433509789464, 11.733433509789462]",11.733433509789464,11.733433509789462,0,1,1,1.1955301040240789,2.1955301040240793,0.8044698959759213,3.0,1,1.9455301040240789,0,4.0,3.0,1,2,1.0,4.0, , , , , , , , 
104,UNPRED,12,1.1955301040240789,1,images/picture_2.png,images/picture_1.png,0,"[11.733433509789464, 11.733433509789462]",11.733433509789464,11.733433509789462,images/picture_2.png,1,"[11.733433509789462, -11.733433509789466]",11.733433509789462,-11.733433509789464,images/picture_3.png,2,"[-11.733433509789462, 11.733433509789464]",-11.733433509789462,11.733433509789464,0,1,1,1.1955301040240789,2.1955301040240793,0.8044698959759213,3.0,1,1.9455301040240789,0,4.0,3.0,1,2,1.0,3.0, , , , , , , , 
105,UNPRED,12,1.1955301040240789,2,images/picture_3.png,images/picture_1.png,0,"[11.733433509789462, -11.733433509789466]",11.733433509789462,-11.733433509789464,images/picture_2.png,1,"[11.733433509789464, 11.733433509789462]",11.733433509789464,11.733433509789462,images/picture_3.png,2,"[-11.733433509789466, -11.733433509789462]",-11.733433509789464,-11.733433509789462,0,1,1,1.1955301040240789,2.1955301040240793,0.8044698959759213,3.0,1,1.9455301040240789,0,4.0,3.0,1,2,1.0,0.0, , , , , , , , 
106,UNPRED,12,1.1955301040240789,1,images/picture_2.png,images/picture_1.png,0,"[11.733433509789462, -11.733433509789466]",11.733433509789462,-11.733433509789464,images/picture_2.png,1,"[-11.733433509789466, -11.733433509789462]",-11.733433509789464,-11.733433509789462,images/picture_3.png,2,"[11.733433509789464, 11.733433509789462]",11.733433509789464,11.733433509789462,0,1,1,1.1955301040240789,2.1955301040240793,0.8044698959759213,3.0,1,1.9455301040240789,0,4.0,3.0,1,2,1.0,2.0, , , , , , , , 
107,UNPRED,12,1.1955301040240789,2,images/picture_3.png,images/picture_1.png,0,"[-11.733433509789462, 11.733433509789464]",-11.733433509789462,11.733433509789464,images/picture_2.png,1,"[11.733433509789462, -11.733433509789466]",11.733433509789462,-11.733433509789464,images/picture_3.png,2,"[-11.733433509789466, -11.733433509789462]",-11.733433509789464,-11.733433509789462,0,1,1,1.1955301040240789,2.1955301040240793,0.8044698959759213,3.0,1,1.9455301040240789,0,4.0,3.0,1,2,1.0,1.0, , , , , , , , 

extraInfo
participant,200003
session,105
date,2023-03-24_13h28.15.864
expName,DMS_et_12-36
psychopyVersion,2022.2.4
frameRate,None
