trial_count,blockType,blockNum,delay_time,stimImage_i,stimImage,responseImage1,responseImage1_i,responseImage1_pos,responseImage1_X,responseImage1_Y,responseImage2,responseImage2_i,responseImage2_pos,responseImage2_X,responseImage2_Y,responseImage3,responseImage3_i,responseImage3_pos,responseImage3_X,responseImage3_Y,cue_onset,cue_dur,delay_onset,delay_dur,resp_onset,resp_dur,rest_onset,rest_dur,circle_dur,circle_onset,n,order,,,,,,,,
0,PRED,12,0.8747832825584425,0,images/picture_1.png,images/picture_1.png,0,"[11.733433509789462, -11.733433509789466]",11.733433509789462,-11.733433509789464,images/picture_2.png,1,"[11.733433509789464, 11.733433509789462]",11.733433509789464,11.733433509789462,images/picture_3.png,2,"[-11.733433509789466, -11.733433509789462]",-11.733433509789464,-11.733433509789462,0,1,1,0.8747832825584425,1.8747832825584425,1.1252167174415575,3,1,1.6247832825584425,0,1.0,0.0, , , , , , , , 
1,PRED,12,0.6896725538486164,0,images/picture_1.png,images/picture_1.png,0,"[-11.733433509789466, -11.733433509789462]",-11.733433509789464,-11.733433509789462,images/picture_2.png,1,"[11.733433509789462, -11.733433509789466]",11.733433509789462,-11.733433509789464,images/picture_3.png,2,"[11.733433509789464, 11.733433509789462]",11.733433509789464,11.733433509789462,0,1,1,0.6896725538486164,1.6896725538486164,1.3103274461513836,3,1,1.4396725538486164,0,1.0,5.0, , , , , , , , 
2,PRED,12,0.718387172368596,0,images/picture_1.png,images/picture_1.png,0,"[-11.733433509789466, -11.733433509789462]",-11.733433509789464,-11.733433509789462,images/picture_2.png,1,"[-11.733433509789462, 11.733433509789464]",-11.733433509789462,11.733433509789464,images/picture_3.png,2,"[11.733433509789464, 11.733433509789462]",11.733433509789464,11.733433509789462,0,1,1,0.718387172368596,1.718387172368596,1.281612827631404,3,1,1.468387172368596,0,1.0,4.0, , , , , , , , 
3,PRED,12,1.0843976371716142,0,images/picture_1.png,images/picture_1.png,0,"[11.733433509789464, 11.733433509789462]",11.733433509789464,11.733433509789462,images/picture_2.png,1,"[-11.733433509789466, -11.733433509789462]",-11.733433509789464,-11.733433509789462,images/picture_3.png,2,"[11.733433509789462, -11.733433509789466]",11.733433509789462,-11.733433509789464,0,1,1,1.0843976371716142,2.0843976371716137,0.9156023628283858,3,1,1.8343976371716144,0,1.0,8.0, , , , , , , , 
4,PRED,12,0.9396053322868758,0,images/picture_1.png,images/picture_1.png,0,"[11.733433509789462, -11.733433509789466]",11.733433509789462,-11.733433509789464,images/picture_2.png,1,"[11.733433509789464, 11.733433509789462]",11.733433509789464,11.733433509789462,images/picture_3.png,2,"[-11.733433509789466, -11.733433509789462]",-11.733433509789464,-11.733433509789462,0,1,1,0.9396053322868758,1.939605332286876,1.0603946677131242,3,1,1.6896053322868758,0,1.0,6.0, , , , , , , , 
5,PRED,12,0.9111046056139104,0,images/picture_1.png,images/picture_1.png,0,"[11.733433509789462, -11.733433509789466]",11.733433509789462,-11.733433509789464,images/picture_2.png,1,"[11.733433509789464, 11.733433509789462]",11.733433509789464,11.733433509789462,images/picture_3.png,2,"[-11.733433509789466, -11.733433509789462]",-11.733433509789464,-11.733433509789462,0,1,1,0.9111046056139104,1.9111046056139105,1.0888953943860895,3,1,1.6611046056139105,0,1.0,1.0, , , , , , , , 
6,PRED,12,0.8996892329543512,0,images/picture_1.png,images/picture_1.png,0,"[11.733433509789462, -11.733433509789466]",11.733433509789462,-11.733433509789464,images/picture_2.png,1,"[11.733433509789464, 11.733433509789462]",11.733433509789464,11.733433509789462,images/picture_3.png,2,"[-11.733433509789462, 11.733433509789464]",-11.733433509789462,11.733433509789464,0,1,1,0.8996892329543512,1.8996892329543515,1.100310767045649,3,1,1.649689232954351,0,1.0,2.0, , , , , , , , 
7,PRED,12,0.8918972183429711,0,images/picture_1.png,images/picture_1.png,0,"[11.733433509789464, 11.733433509789462]",11.733433509789464,11.733433509789462,images/picture_2.png,1,"[-11.733433509789462, 11.733433509789464]",-11.733433509789462,11.733433509789464,images/picture_3.png,2,"[11.733433509789462, -11.733433509789466]",11.733433509789462,-11.733433509789464,0,1,1,0.8918972183429711,1.891897218342971,1.108102781657029,3,1,1.641897218342971,0,1.0,3.0, , , , , , , , 
8,PRED,12,0.8283333843168439,0,images/picture_1.png,images/picture_1.png,0,"[11.733433509789464, 11.733433509789462]",11.733433509789464,11.733433509789462,images/picture_2.png,1,"[11.733433509789462, -11.733433509789466]",11.733433509789462,-11.733433509789464,images/picture_3.png,2,"[-11.733433509789462, 11.733433509789464]",-11.733433509789462,11.733433509789464,0,1,1,0.8283333843168439,1.8283333843168441,1.1716666156831559,3,1,1.5783333843168441,0,1.0,7.0, , , , , , , , 

extraInfo
participant,200001
session,004
date,2023-03-10_12h28.56.893
expName,DMS_BEST_eyetracking_DAN_base_12-36_looped_10minWORKING
psychopyVersion,2022.2.4
frameRate,None
﻿trial_count,blockType,blockNum,delay_time,stimImage_i,stimImage,responseImage1,responseImage1_i,responseImage1_pos,responseImage1_X,responseImage1_Y,responseImage2,responseImage2_i,responseImage2_pos,responseImage2_X,responseImage2_Y,responseImage3,responseImage3_i,responseImage3_pos,responseImage3_X,responseImage3_Y,cue_onset,cue_dur,delay_onset,delay_dur,resp_onset,resp_dur,rest_onset,rest_dur,circle_dur,circle_onset,n,order,,,,,,,,
9,UNPRED,12,0.8731312721631219,1,images/picture_2.png,images/picture_1.png,0,"[-11.733433509789466, -11.733433509789462]",-11.733433509789464,-11.733433509789462,images/picture_2.png,1,"[11.733433509789462, -11.733433509789466]",11.733433509789462,-11.733433509789464,images/picture_3.png,2,"[-11.733433509789462, 11.733433509789464]",-11.733433509789462,11.733433509789464,0,1,1,0.8731312721631219,1.8731312721631217,1.126868727836878,3,1,1.6231312721631217,0,1.0,7.0, , , , , , , , 
10,UNPRED,12,1.1362992000636458,2,images/picture_3.png,images/picture_1.png,0,"[-11.733433509789466, -11.733433509789462]",-11.733433509789464,-11.733433509789462,images/picture_2.png,1,"[-11.733433509789462, 11.733433509789464]",-11.733433509789462,11.733433509789464,images/picture_3.png,2,"[11.733433509789464, 11.733433509789462]",11.733433509789464,11.733433509789462,0,1,1,1.1362992000636458,2.1362992000636463,0.8637007999363542,3,1,1.8862992000636456,0,1.0,0.0, , , , , , , , 
11,UNPRED,12,0.7309983220912156,2,images/picture_3.png,images/picture_1.png,0,"[-11.733433509789466, -11.733433509789462]",-11.733433509789464,-11.733433509789462,images/picture_2.png,1,"[11.733433509789462, -11.733433509789466]",11.733433509789462,-11.733433509789464,images/picture_3.png,2,"[-11.733433509789462, 11.733433509789464]",-11.733433509789462,11.733433509789464,0,1,1,0.7309983220912156,1.7309983220912155,1.2690016779087845,3,1,1.4809983220912155,0,1.0,1.0, , , , , , , , 
12,UNPRED,12,0.5302079328795761,1,images/picture_2.png,images/picture_1.png,0,"[11.733433509789462, -11.733433509789466]",11.733433509789462,-11.733433509789464,images/picture_2.png,1,"[11.733433509789464, 11.733433509789462]",11.733433509789464,11.733433509789462,images/picture_3.png,2,"[-11.733433509789462, 11.733433509789464]",-11.733433509789462,11.733433509789464,0,1,1,0.5302079328795761,1.530207932879576,1.469792067120424,3,1,1.280207932879576,0,1.0,8.0, , , , , , , , 
13,UNPRED,12,0.838988517604444,0,images/picture_1.png,images/picture_1.png,0,"[11.733433509789462, -11.733433509789466]",11.733433509789462,-11.733433509789464,images/picture_2.png,1,"[-11.733433509789462, 11.733433509789464]",-11.733433509789462,11.733433509789464,images/picture_3.png,2,"[-11.733433509789466, -11.733433509789462]",-11.733433509789464,-11.733433509789462,0,1,1,0.838988517604444,1.838988517604444,1.161011482395556,3,1,1.588988517604444,0,1.0,5.0, , , , , , , , 
14,UNPRED,12,0.8200877845284678,2,images/picture_3.png,images/picture_1.png,0,"[11.733433509789464, 11.733433509789462]",11.733433509789464,11.733433509789462,images/picture_2.png,1,"[-11.733433509789462, 11.733433509789464]",-11.733433509789462,11.733433509789464,images/picture_3.png,2,"[11.733433509789462, -11.733433509789466]",11.733433509789462,-11.733433509789464,0,1,1,0.8200877845284678,1.820087784528468,1.1799122154715322,3,1,1.5700877845284678,0,1.0,3.0, , , , , , , , 
15,UNPRED,12,0.6876148351514757,2,images/picture_3.png,images/picture_1.png,0,"[11.733433509789462, -11.733433509789466]",11.733433509789462,-11.733433509789464,images/picture_2.png,1,"[-11.733433509789462, 11.733433509789464]",-11.733433509789462,11.733433509789464,images/picture_3.png,2,"[-11.733433509789466, -11.733433509789462]",-11.733433509789464,-11.733433509789462,0,1,1,0.6876148351514757,1.6876148351514757,1.3123851648485243,3,1,1.4376148351514757,0,1.0,4.0, , , , , , , , 
16,UNPRED,12,0.97877488147949,2,images/picture_3.png,images/picture_1.png,0,"[11.733433509789462, -11.733433509789466]",11.733433509789462,-11.733433509789464,images/picture_2.png,1,"[-11.733433509789466, -11.733433509789462]",-11.733433509789464,-11.733433509789462,images/picture_3.png,2,"[-11.733433509789462, 11.733433509789464]",-11.733433509789462,11.733433509789464,0,1,1,0.97877488147949,1.9787748814794897,1.02122511852051,3,1,1.72877488147949,0,1.0,6.0, , , , , , , , 
17,UNPRED,12,0.5595987215017759,2,images/picture_3.png,images/picture_1.png,0,"[-11.733433509789462, 11.733433509789464]",-11.733433509789462,11.733433509789464,images/picture_2.png,1,"[-11.733433509789466, -11.733433509789462]",-11.733433509789464,-11.733433509789462,images/picture_3.png,2,"[11.733433509789462, -11.733433509789466]",11.733433509789462,-11.733433509789464,0,1,1,0.5595987215017759,1.559598721501776,1.440401278498224,3,1,1.309598721501776,0,1.0,2.0, , , , , , , , 

extraInfo
participant,200001
session,004
date,2023-03-10_12h28.56.893
expName,DMS_BEST_eyetracking_DAN_base_12-36_looped_10minWORKING
psychopyVersion,2022.2.4
frameRate,None
﻿trial_count,blockType,blockNum,delay_time,stimImage_i,stimImage,responseImage1,responseImage1_i,responseImage1_pos,responseImage1_X,responseImage1_Y,responseImage2,responseImage2_i,responseImage2_pos,responseImage2_X,responseImage2_Y,responseImage3,responseImage3_i,responseImage3_pos,responseImage3_X,responseImage3_Y,cue_onset,cue_dur,delay_onset,delay_dur,resp_onset,resp_dur,rest_onset,rest_dur,circle_dur,circle_onset,n,order,,,,,,,,
18,PRED,12,1.1345778168819114,1,images/picture_2.png,images/picture_1.png,0,"[-11.733433509789462, 11.733433509789464]",-11.733433509789462,11.733433509789464,images/picture_2.png,1,"[-11.733433509789466, -11.733433509789462]",-11.733433509789464,-11.733433509789462,images/picture_3.png,2,"[11.733433509789464, 11.733433509789462]",11.733433509789464,11.733433509789462,0,1,1,1.1345778168819114,2.134577816881912,0.8654221831180886,3,1,1.884577816881912,0,1.0,6.0, , , , , , , , 
19,PRED,12,0.7842684144664444,1,images/picture_2.png,images/picture_1.png,0,"[11.733433509789462, -11.733433509789466]",11.733433509789462,-11.733433509789464,images/picture_2.png,1,"[11.733433509789464, 11.733433509789462]",11.733433509789464,11.733433509789462,images/picture_3.png,2,"[-11.733433509789462, 11.733433509789464]",-11.733433509789462,11.733433509789464,0,1,1,0.7842684144664444,1.7842684144664442,1.2157315855335558,3,1,1.5342684144664442,0,1.0,3.0, , , , , , , , 
20,PRED,12,0.8625888687631706,1,images/picture_2.png,images/picture_1.png,0,"[-11.733433509789462, 11.733433509789464]",-11.733433509789462,11.733433509789464,images/picture_2.png,1,"[-11.733433509789466, -11.733433509789462]",-11.733433509789464,-11.733433509789462,images/picture_3.png,2,"[11.733433509789464, 11.733433509789462]",11.733433509789464,11.733433509789462,0,1,1,0.8625888687631706,1.8625888687631704,1.1374111312368294,3,1,1.6125888687631706,0,1.0,1.0, , , , , , , , 
21,PRED,12,1.12587379744755,1,images/picture_2.png,images/picture_1.png,0,"[-11.733433509789462, 11.733433509789464]",-11.733433509789462,11.733433509789464,images/picture_2.png,1,"[11.733433509789462, -11.733433509789466]",11.733433509789462,-11.733433509789464,images/picture_3.png,2,"[11.733433509789464, 11.733433509789462]",11.733433509789464,11.733433509789462,0,1,1,1.12587379744755,2.12587379744755,0.8741262025524499,3,1,1.87587379744755,0,1.0,8.0, , , , , , , , 
22,PRED,12,0.6373214425177617,1,images/picture_2.png,images/picture_1.png,0,"[-11.733433509789466, -11.733433509789462]",-11.733433509789464,-11.733433509789462,images/picture_2.png,1,"[11.733433509789464, 11.733433509789462]",11.733433509789464,11.733433509789462,images/picture_3.png,2,"[11.733433509789462, -11.733433509789466]",11.733433509789462,-11.733433509789464,0,1,1,0.6373214425177617,1.6373214425177616,1.3626785574822384,3,1,1.3873214425177616,0,1.0,0.0, , , , , , , , 
23,PRED,12,0.828379645704145,1,images/picture_2.png,images/picture_1.png,0,"[11.733433509789464, 11.733433509789462]",11.733433509789464,11.733433509789462,images/picture_2.png,1,"[11.733433509789462, -11.733433509789466]",11.733433509789462,-11.733433509789464,images/picture_3.png,2,"[-11.733433509789466, -11.733433509789462]",-11.733433509789464,-11.733433509789462,0,1,1,0.828379645704145,1.8283796457041452,1.171620354295855,3,1,1.5783796457041452,0,1.0,4.0, , , , , , , , 
24,PRED,12,0.5038000795468923,1,images/picture_2.png,images/picture_1.png,0,"[-11.733433509789466, -11.733433509789462]",-11.733433509789464,-11.733433509789462,images/picture_2.png,1,"[11.733433509789462, -11.733433509789466]",11.733433509789462,-11.733433509789464,images/picture_3.png,2,"[11.733433509789464, 11.733433509789462]",11.733433509789464,11.733433509789462,0,1,1,0.5038000795468923,1.5038000795468922,1.4961999204531078,3,1,1.2538000795468922,0,1.0,5.0, , , , , , , , 
25,PRED,12,0.7465218116201681,1,images/picture_2.png,images/picture_1.png,0,"[-11.733433509789466, -11.733433509789462]",-11.733433509789464,-11.733433509789462,images/picture_2.png,1,"[11.733433509789462, -11.733433509789466]",11.733433509789462,-11.733433509789464,images/picture_3.png,2,"[-11.733433509789462, 11.733433509789464]",-11.733433509789462,11.733433509789464,0,1,1,0.7465218116201681,1.7465218116201682,1.253478188379832,3,1,1.4965218116201682,0,1.0,2.0, , , , , , , , 
26,PRED,12,0.9995702866590624,1,images/picture_2.png,images/picture_1.png,0,"[-11.733433509789462, 11.733433509789464]",-11.733433509789462,11.733433509789464,images/picture_2.png,1,"[11.733433509789464, 11.733433509789462]",11.733433509789464,11.733433509789462,images/picture_3.png,2,"[11.733433509789462, -11.733433509789466]",11.733433509789462,-11.733433509789464,0,1,1,0.9995702866590624,1.9995702866590623,1.0004297133409377,3,1,1.7495702866590623,0,1.0,7.0, , , , , , , , 

extraInfo
participant,200001
session,004
date,2023-03-10_12h28.56.893
expName,DMS_BEST_eyetracking_DAN_base_12-36_looped_10minWORKING
psychopyVersion,2022.2.4
frameRate,None
﻿trial_count,blockType,blockNum,delay_time,stimImage_i,stimImage,responseImage1,responseImage1_i,responseImage1_pos,responseImage1_X,responseImage1_Y,responseImage2,responseImage2_i,responseImage2_pos,responseImage2_X,responseImage2_Y,responseImage3,responseImage3_i,responseImage3_pos,responseImage3_X,responseImage3_Y,cue_onset,cue_dur,delay_onset,delay_dur,resp_onset,resp_dur,rest_onset,rest_dur,circle_dur,circle_onset,n,order,,,,,,,,
27,UNPRED,12,0.9390323358433595,0,images/picture_1.png,images/picture_1.png,0,"[11.733433509789462, -11.733433509789466]",11.733433509789462,-11.733433509789464,images/picture_2.png,1,"[-11.733433509789462, 11.733433509789464]",-11.733433509789462,11.733433509789464,images/picture_3.png,2,"[-11.733433509789466, -11.733433509789462]",-11.733433509789464,-11.733433509789462,0,1,1,0.9390323358433595,1.93903233584336,1.0609676641566403,3,1,1.6890323358433597,0,1.0,6.0, , , , , , , , 
28,UNPRED,12,0.5605198483362571,1,images/picture_2.png,images/picture_1.png,0,"[-11.733433509789466, -11.733433509789462]",-11.733433509789464,-11.733433509789462,images/picture_2.png,1,"[-11.733433509789462, 11.733433509789464]",-11.733433509789462,11.733433509789464,images/picture_3.png,2,"[11.733433509789462, -11.733433509789466]",11.733433509789462,-11.733433509789464,0,1,1,0.5605198483362571,1.5605198483362568,1.4394801516637432,3,1,1.310519848336257,0,1.0,4.0, , , , , , , , 
29,UNPRED,12,0.8662005162118327,1,images/picture_2.png,images/picture_1.png,0,"[-11.733433509789462, 11.733433509789464]",-11.733433509789462,11.733433509789464,images/picture_2.png,1,"[11.733433509789464, 11.733433509789462]",11.733433509789464,11.733433509789462,images/picture_3.png,2,"[11.733433509789462, -11.733433509789466]",11.733433509789462,-11.733433509789464,0,1,1,0.8662005162118327,1.8662005162118327,1.1337994837881673,3,1,1.6162005162118327,0,1.0,2.0, , , , , , , , 
30,UNPRED,12,0.7550760313584876,2,images/picture_3.png,images/picture_1.png,0,"[11.733433509789462, -11.733433509789466]",11.733433509789462,-11.733433509789464,images/picture_2.png,1,"[-11.733433509789466, -11.733433509789462]",-11.733433509789464,-11.733433509789462,images/picture_3.png,2,"[11.733433509789464, 11.733433509789462]",11.733433509789464,11.733433509789462,0,1,1,0.7550760313584876,1.7550760313584877,1.2449239686415123,3,1,1.5050760313584877,0,1.0,3.0, , , , , , , , 
31,UNPRED,12,0.7888952108864842,0,images/picture_1.png,images/picture_1.png,0,"[11.733433509789462, -11.733433509789466]",11.733433509789462,-11.733433509789464,images/picture_2.png,1,"[-11.733433509789462, 11.733433509789464]",-11.733433509789462,11.733433509789464,images/picture_3.png,2,"[-11.733433509789466, -11.733433509789462]",-11.733433509789464,-11.733433509789462,0,1,1,0.7888952108864842,1.7888952108864842,1.2111047891135158,3,1,1.5388952108864842,0,1.0,0.0, , , , , , , , 
32,UNPRED,12,0.8790219786854152,1,images/picture_2.png,images/picture_1.png,0,"[11.733433509789464, 11.733433509789462]",11.733433509789464,11.733433509789462,images/picture_2.png,1,"[-11.733433509789466, -11.733433509789462]",-11.733433509789464,-11.733433509789462,images/picture_3.png,2,"[11.733433509789462, -11.733433509789466]",11.733433509789462,-11.733433509789464,0,1,1,0.8790219786854152,1.8790219786854152,1.1209780213145848,3,1,1.6290219786854152,0,1.0,8.0, , , , , , , , 
33,UNPRED,12,0.5507990115620577,2,images/picture_3.png,images/picture_1.png,0,"[11.733433509789462, -11.733433509789466]",11.733433509789462,-11.733433509789464,images/picture_2.png,1,"[-11.733433509789466, -11.733433509789462]",-11.733433509789464,-11.733433509789462,images/picture_3.png,2,"[-11.733433509789462, 11.733433509789464]",-11.733433509789462,11.733433509789464,0,1,1,0.5507990115620577,1.5507990115620576,1.4492009884379424,3,1,1.3007990115620576,0,1.0,5.0, , , , , , , , 
34,UNPRED,12,0.7690032852829269,0,images/picture_1.png,images/picture_1.png,0,"[11.733433509789462, -11.733433509789466]",11.733433509789462,-11.733433509789464,images/picture_2.png,1,"[-11.733433509789466, -11.733433509789462]",-11.733433509789464,-11.733433509789462,images/picture_3.png,2,"[-11.733433509789462, 11.733433509789464]",-11.733433509789462,11.733433509789464,0,1,1,0.7690032852829269,1.769003285282927,1.230996714717073,3,1,1.519003285282927,0,1.0,7.0, , , , , , , , 
35,UNPRED,12,0.5253514070924408,0,images/picture_1.png,images/picture_1.png,0,"[-11.733433509789466, -11.733433509789462]",-11.733433509789464,-11.733433509789462,images/picture_2.png,1,"[-11.733433509789462, 11.733433509789464]",-11.733433509789462,11.733433509789464,images/picture_3.png,2,"[11.733433509789464, 11.733433509789462]",11.733433509789464,11.733433509789462,0,1,1,0.5253514070924408,1.5253514070924408,1.4746485929075592,3,1,1.2753514070924408,0,1.0,1.0, , , , , , , , 

extraInfo
participant,200001
session,004
date,2023-03-10_12h28.56.893
expName,DMS_BEST_eyetracking_DAN_base_12-36_looped_10minWORKING
psychopyVersion,2022.2.4
frameRate,None
﻿trial_count,blockType,blockNum,delay_time,stimImage_i,stimImage,responseImage1,responseImage1_i,responseImage1_pos,responseImage1_X,responseImage1_Y,responseImage2,responseImage2_i,responseImage2_pos,responseImage2_X,responseImage2_Y,responseImage3,responseImage3_i,responseImage3_pos,responseImage3_X,responseImage3_Y,cue_onset,cue_dur,delay_onset,delay_dur,resp_onset,resp_dur,rest_onset,rest_dur,circle_dur,circle_onset,n,order,,,,,,,,
36,PRED,12,0.6715228665863657,2,images/picture_3.png,images/picture_1.png,0,"[-11.733433509789462, 11.733433509789464]",-11.733433509789462,11.733433509789464,images/picture_2.png,1,"[-11.733433509789466, -11.733433509789462]",-11.733433509789464,-11.733433509789462,images/picture_3.png,2,"[11.733433509789462, -11.733433509789466]",11.733433509789462,-11.733433509789464,0,1,1,0.6715228665863657,1.6715228665863655,1.3284771334136345,3,1,1.4215228665863655,0,1.0,8.0, , , , , , , , 
37,PRED,12,0.5119785311976572,2,images/picture_3.png,images/picture_1.png,0,"[-11.733433509789466, -11.733433509789462]",-11.733433509789464,-11.733433509789462,images/picture_2.png,1,"[11.733433509789462, -11.733433509789466]",11.733433509789462,-11.733433509789464,images/picture_3.png,2,"[11.733433509789464, 11.733433509789462]",11.733433509789464,11.733433509789462,0,1,1,0.5119785311976572,1.5119785311976572,1.4880214688023428,3,1,1.2619785311976572,0,1.0,6.0, , , , , , , , 
38,PRED,12,1.1517202601659442,2,images/picture_3.png,images/picture_1.png,0,"[-11.733433509789462, 11.733433509789464]",-11.733433509789462,11.733433509789464,images/picture_2.png,1,"[11.733433509789464, 11.733433509789462]",11.733433509789464,11.733433509789462,images/picture_3.png,2,"[-11.733433509789466, -11.733433509789462]",-11.733433509789464,-11.733433509789462,0,1,1,1.1517202601659442,2.151720260165944,0.8482797398340559,3,1,1.9017202601659442,0,1.0,3.0, , , , , , , , 
39,PRED,12,0.9491195037780008,2,images/picture_3.png,images/picture_1.png,0,"[11.733433509789464, 11.733433509789462]",11.733433509789464,11.733433509789462,images/picture_2.png,1,"[-11.733433509789466, -11.733433509789462]",-11.733433509789464,-11.733433509789462,images/picture_3.png,2,"[-11.733433509789462, 11.733433509789464]",-11.733433509789462,11.733433509789464,0,1,1,0.9491195037780008,1.9491195037780007,1.0508804962219993,3,1,1.6991195037780007,0,1.0,1.0, , , , , , , , 
40,PRED,12,0.6552326237182435,2,images/picture_3.png,images/picture_1.png,0,"[-11.733433509789462, 11.733433509789464]",-11.733433509789462,11.733433509789464,images/picture_2.png,1,"[11.733433509789464, 11.733433509789462]",11.733433509789464,11.733433509789462,images/picture_3.png,2,"[11.733433509789462, -11.733433509789466]",11.733433509789462,-11.733433509789464,0,1,1,0.6552326237182435,1.6552326237182435,1.3447673762817565,3,1,1.4052326237182435,0,1.0,5.0, , , , , , , , 
41,PRED,12,0.8807105337720782,2,images/picture_3.png,images/picture_1.png,0,"[11.733433509789462, -11.733433509789466]",11.733433509789462,-11.733433509789464,images/picture_2.png,1,"[11.733433509789464, 11.733433509789462]",11.733433509789464,11.733433509789462,images/picture_3.png,2,"[-11.733433509789466, -11.733433509789462]",-11.733433509789464,-11.733433509789462,0,1,1,0.8807105337720782,1.8807105337720784,1.1192894662279218,3,1,1.6307105337720782,0,1.0,2.0, , , , , , , , 
42,PRED,12,0.9794015071476818,2,images/picture_3.png,images/picture_1.png,0,"[11.733433509789464, 11.733433509789462]",11.733433509789464,11.733433509789462,images/picture_2.png,1,"[-11.733433509789462, 11.733433509789464]",-11.733433509789462,11.733433509789464,images/picture_3.png,2,"[-11.733433509789466, -11.733433509789462]",-11.733433509789464,-11.733433509789462,0,1,1,0.9794015071476818,1.9794015071476816,1.0205984928523182,3,1,1.7294015071476818,0,1.0,0.0, , , , , , , , 
43,PRED,12,1.0903147568732368,2,images/picture_3.png,images/picture_1.png,0,"[-11.733433509789462, 11.733433509789464]",-11.733433509789462,11.733433509789464,images/picture_2.png,1,"[11.733433509789462, -11.733433509789466]",11.733433509789462,-11.733433509789464,images/picture_3.png,2,"[-11.733433509789466, -11.733433509789462]",-11.733433509789464,-11.733433509789462,0,1,1,1.0903147568732368,2.0903147568732368,0.9096852431267632,3,1,1.8403147568732368,0,1.0,7.0, , , , , , , , 
44,PRED,12,0.6894221370206568,2,images/picture_3.png,images/picture_1.png,0,"[11.733433509789462, -11.733433509789466]",11.733433509789462,-11.733433509789464,images/picture_2.png,1,"[-11.733433509789462, 11.733433509789464]",-11.733433509789462,11.733433509789464,images/picture_3.png,2,"[-11.733433509789466, -11.733433509789462]",-11.733433509789464,-11.733433509789462,0,1,1,0.6894221370206568,1.6894221370206568,1.3105778629793432,3,1,1.4394221370206568,0,1.0,4.0, , , , , , , , 

extraInfo
participant,200001
session,004
date,2023-03-10_12h28.56.893
expName,DMS_BEST_eyetracking_DAN_base_12-36_looped_10minWORKING
psychopyVersion,2022.2.4
frameRate,None
﻿trial_count,blockType,blockNum,delay_time,stimImage_i,stimImage,responseImage1,responseImage1_i,responseImage1_pos,responseImage1_X,responseImage1_Y,responseImage2,responseImage2_i,responseImage2_pos,responseImage2_X,responseImage2_Y,responseImage3,responseImage3_i,responseImage3_pos,responseImage3_X,responseImage3_Y,cue_onset,cue_dur,delay_onset,delay_dur,resp_onset,resp_dur,rest_onset,rest_dur,circle_dur,circle_onset,n,order,,,,,,,,
45,UNPRED,12,1.1985974460435438,0,images/picture_1.png,images/picture_1.png,0,"[-11.733433509789462, 11.733433509789464]",-11.733433509789462,11.733433509789464,images/picture_2.png,1,"[-11.733433509789466, -11.733433509789462]",-11.733433509789464,-11.733433509789462,images/picture_3.png,2,"[11.733433509789462, -11.733433509789466]",11.733433509789462,-11.733433509789464,0,1,1,1.1985974460435438,2.198597446043544,0.8014025539564562,3,1,1.948597446043544,0,1.0,2.0, , , , , , , , 
46,UNPRED,12,0.5997454571355678,2,images/picture_3.png,images/picture_1.png,0,"[-11.733433509789466, -11.733433509789462]",-11.733433509789464,-11.733433509789462,images/picture_2.png,1,"[11.733433509789464, 11.733433509789462]",11.733433509789464,11.733433509789462,images/picture_3.png,2,"[-11.733433509789462, 11.733433509789464]",-11.733433509789462,11.733433509789464,0,1,1,0.5997454571355678,1.5997454571355678,1.4002545428644322,3,1,1.3497454571355678,0,1.0,0.0, , , , , , , , 
47,UNPRED,12,1.1386174729854757,0,images/picture_1.png,images/picture_1.png,0,"[-11.733433509789462, 11.733433509789464]",-11.733433509789462,11.733433509789464,images/picture_2.png,1,"[11.733433509789464, 11.733433509789462]",11.733433509789464,11.733433509789462,images/picture_3.png,2,"[-11.733433509789466, -11.733433509789462]",-11.733433509789464,-11.733433509789462,0,1,1,1.1386174729854757,2.138617472985476,0.8613825270145243,3,1,1.888617472985476,0,1.0,4.0, , , , , , , , 
48,UNPRED,12,0.7922489631814611,1,images/picture_2.png,images/picture_1.png,0,"[11.733433509789464, 11.733433509789462]",11.733433509789464,11.733433509789462,images/picture_2.png,1,"[-11.733433509789466, -11.733433509789462]",-11.733433509789464,-11.733433509789462,images/picture_3.png,2,"[11.733433509789462, -11.733433509789466]",11.733433509789462,-11.733433509789464,0,1,1,0.7922489631814611,1.7922489631814609,1.2077510368185391,3,1,1.5422489631814609,0,1.0,8.0, , , , , , , , 
49,UNPRED,12,1.0827070199186035,2,images/picture_3.png,images/picture_1.png,0,"[11.733433509789464, 11.733433509789462]",11.733433509789464,11.733433509789462,images/picture_2.png,1,"[11.733433509789462, -11.733433509789466]",11.733433509789462,-11.733433509789464,images/picture_3.png,2,"[-11.733433509789466, -11.733433509789462]",-11.733433509789464,-11.733433509789462,0,1,1,1.0827070199186035,2.082707019918604,0.9172929800813964,3,1,1.832707019918604,0,1.0,6.0, , , , , , , , 
50,UNPRED,12,0.9494822234368684,2,images/picture_3.png,images/picture_1.png,0,"[-11.733433509789462, 11.733433509789464]",-11.733433509789462,11.733433509789464,images/picture_2.png,1,"[11.733433509789462, -11.733433509789466]",11.733433509789462,-11.733433509789464,images/picture_3.png,2,"[-11.733433509789466, -11.733433509789462]",-11.733433509789464,-11.733433509789462,0,1,1,0.9494822234368684,1.9494822234368685,1.0505177765631315,3,1,1.6994822234368685,0,1.0,5.0, , , , , , , , 
51,UNPRED,12,1.158433267808416,1,images/picture_2.png,images/picture_1.png,0,"[11.733433509789462, -11.733433509789466]",11.733433509789462,-11.733433509789464,images/picture_2.png,1,"[-11.733433509789462, 11.733433509789464]",-11.733433509789462,11.733433509789464,images/picture_3.png,2,"[11.733433509789464, 11.733433509789462]",11.733433509789464,11.733433509789462,0,1,1,1.158433267808416,2.158433267808416,0.8415667321915841,3,1,1.908433267808416,0,1.0,3.0, , , , , , , , 
52,UNPRED,12,0.9036940144018436,0,images/picture_1.png,images/picture_1.png,0,"[11.733433509789462, -11.733433509789466]",11.733433509789462,-11.733433509789464,images/picture_2.png,1,"[-11.733433509789462, 11.733433509789464]",-11.733433509789462,11.733433509789464,images/picture_3.png,2,"[-11.733433509789466, -11.733433509789462]",-11.733433509789464,-11.733433509789462,0,1,1,0.9036940144018436,1.903694014401844,1.0963059855981565,3,1,1.6536940144018435,0,1.0,1.0, , , , , , , , 
53,UNPRED,12,1.0966000759159398,0,images/picture_1.png,images/picture_1.png,0,"[11.733433509789462, -11.733433509789466]",11.733433509789462,-11.733433509789464,images/picture_2.png,1,"[-11.733433509789462, 11.733433509789464]",-11.733433509789462,11.733433509789464,images/picture_3.png,2,"[11.733433509789464, 11.733433509789462]",11.733433509789464,11.733433509789462,0,1,1,1.0966000759159398,2.09660007591594,0.9033999240840602,3,1,1.84660007591594,0,1.0,7.0, , , , , , , , 

extraInfo
participant,200001
session,004
date,2023-03-10_12h28.56.893
expName,DMS_BEST_eyetracking_DAN_base_12-36_looped_10minWORKING
psychopyVersion,2022.2.4
frameRate,None
﻿trial_count,blockType,blockNum,delay_time,stimImage_i,stimImage,responseImage1,responseImage1_i,responseImage1_pos,responseImage1_X,responseImage1_Y,responseImage2,responseImage2_i,responseImage2_pos,responseImage2_X,responseImage2_Y,responseImage3,responseImage3_i,responseImage3_pos,responseImage3_X,responseImage3_Y,cue_onset,cue_dur,delay_onset,delay_dur,resp_onset,resp_dur,rest_onset,rest_dur,circle_dur,circle_onset,n,order,,,,,,,,
54,PRED,12,0.9892518713448056,0,images/picture_1.png,images/picture_1.png,0,"[11.733433509789464, 11.733433509789462]",11.733433509789464,11.733433509789462,images/picture_2.png,1,"[-11.733433509789462, 11.733433509789464]",-11.733433509789462,11.733433509789464,images/picture_3.png,2,"[11.733433509789462, -11.733433509789466]",11.733433509789462,-11.733433509789464,0,1,1,0.9892518713448056,1.9892518713448053,1.0107481286551945,3,1,1.7392518713448055,0,1.0,3.0, , , , , , , , 
55,PRED,12,0.7484991784739841,0,images/picture_1.png,images/picture_1.png,0,"[11.733433509789462, -11.733433509789466]",11.733433509789462,-11.733433509789464,images/picture_2.png,1,"[-11.733433509789466, -11.733433509789462]",-11.733433509789464,-11.733433509789462,images/picture_3.png,2,"[11.733433509789464, 11.733433509789462]",11.733433509789464,11.733433509789462,0,1,1,0.7484991784739841,1.748499178473984,1.251500821526016,3,1,1.498499178473984,0,1.0,7.0, , , , , , , , 
56,PRED,12,0.9285144841417354,0,images/picture_1.png,images/picture_1.png,0,"[-11.733433509789462, 11.733433509789464]",-11.733433509789462,11.733433509789464,images/picture_2.png,1,"[11.733433509789462, -11.733433509789466]",11.733433509789462,-11.733433509789464,images/picture_3.png,2,"[11.733433509789464, 11.733433509789462]",11.733433509789464,11.733433509789462,0,1,1,0.9285144841417354,1.9285144841417357,1.0714855158582646,3,1,1.6785144841417354,0,1.0,5.0, , , , , , , , 
57,PRED,12,1.0784204627404188,0,images/picture_1.png,images/picture_1.png,0,"[11.733433509789464, 11.733433509789462]",11.733433509789464,11.733433509789462,images/picture_2.png,1,"[11.733433509789462, -11.733433509789466]",11.733433509789462,-11.733433509789464,images/picture_3.png,2,"[-11.733433509789462, 11.733433509789464]",-11.733433509789462,11.733433509789464,0,1,1,1.0784204627404188,2.078420462740419,0.9215795372595812,3,1,1.8284204627404188,0,1.0,1.0, , , , , , , , 
58,PRED,12,0.9696263315631052,0,images/picture_1.png,images/picture_1.png,0,"[-11.733433509789462, 11.733433509789464]",-11.733433509789462,11.733433509789464,images/picture_2.png,1,"[11.733433509789464, 11.733433509789462]",11.733433509789464,11.733433509789462,images/picture_3.png,2,"[11.733433509789462, -11.733433509789466]",11.733433509789462,-11.733433509789464,0,1,1,0.9696263315631052,1.9696263315631053,1.0303736684368947,3,1,1.7196263315631053,0,1.0,6.0, , , , , , , , 
59,PRED,12,0.5749092374594348,0,images/picture_1.png,images/picture_1.png,0,"[-11.733433509789466, -11.733433509789462]",-11.733433509789464,-11.733433509789462,images/picture_2.png,1,"[11.733433509789462, -11.733433509789466]",11.733433509789462,-11.733433509789464,images/picture_3.png,2,"[-11.733433509789462, 11.733433509789464]",-11.733433509789462,11.733433509789464,0,1,1,0.5749092374594348,1.574909237459435,1.425090762540565,3,1,1.324909237459435,0,1.0,4.0, , , , , , , , 
60,PRED,12,0.814058861863302,0,images/picture_1.png,images/picture_1.png,0,"[-11.733433509789466, -11.733433509789462]",-11.733433509789464,-11.733433509789462,images/picture_2.png,1,"[-11.733433509789462, 11.733433509789464]",-11.733433509789462,11.733433509789464,images/picture_3.png,2,"[11.733433509789464, 11.733433509789462]",11.733433509789464,11.733433509789462,0,1,1,0.814058861863302,1.8140588618633018,1.185941138136698,3,1,1.5640588618633018,0,1.0,2.0, , , , , , , , 
61,PRED,12,1.086360993351715,0,images/picture_1.png,images/picture_1.png,0,"[11.733433509789462, -11.733433509789466]",11.733433509789462,-11.733433509789464,images/picture_2.png,1,"[-11.733433509789462, 11.733433509789464]",-11.733433509789462,11.733433509789464,images/picture_3.png,2,"[-11.733433509789466, -11.733433509789462]",-11.733433509789464,-11.733433509789462,0,1,1,1.086360993351715,2.0863609933517155,0.9136390066482848,3,1,1.8363609933517155,0,1.0,8.0, , , , , , , , 
62,PRED,12,0.6857965080096715,0,images/picture_1.png,images/picture_1.png,0,"[-11.733433509789462, 11.733433509789464]",-11.733433509789462,11.733433509789464,images/picture_2.png,1,"[-11.733433509789466, -11.733433509789462]",-11.733433509789464,-11.733433509789462,images/picture_3.png,2,"[11.733433509789462, -11.733433509789466]",11.733433509789462,-11.733433509789464,0,1,1,0.6857965080096715,1.6857965080096715,1.3142034919903285,3,1,1.4357965080096715,0,1.0,0.0, , , , , , , , 

extraInfo
participant,200001
session,004
date,2023-03-10_12h28.56.893
expName,DMS_BEST_eyetracking_DAN_base_12-36_looped_10minWORKING
psychopyVersion,2022.2.4
frameRate,None
﻿trial_count,blockType,blockNum,delay_time,stimImage_i,stimImage,responseImage1,responseImage1_i,responseImage1_pos,responseImage1_X,responseImage1_Y,responseImage2,responseImage2_i,responseImage2_pos,responseImage2_X,responseImage2_Y,responseImage3,responseImage3_i,responseImage3_pos,responseImage3_X,responseImage3_Y,cue_onset,cue_dur,delay_onset,delay_dur,resp_onset,resp_dur,rest_onset,rest_dur,circle_dur,circle_onset,n,order,,,,,,,,
63,UNPRED,12,0.8306731142102438,2,images/picture_3.png,images/picture_1.png,0,"[11.733433509789462, -11.733433509789466]",11.733433509789462,-11.733433509789464,images/picture_2.png,1,"[-11.733433509789462, 11.733433509789464]",-11.733433509789462,11.733433509789464,images/picture_3.png,2,"[-11.733433509789466, -11.733433509789462]",-11.733433509789464,-11.733433509789462,0,1,1,0.8306731142102438,1.8306731142102441,1.1693268857897559,3,1,1.5806731142102441,0,1.0,2.0, , , , , , , , 
64,UNPRED,12,0.9635045905620292,2,images/picture_3.png,images/picture_1.png,0,"[11.733433509789464, 11.733433509789462]",11.733433509789464,11.733433509789462,images/picture_2.png,1,"[-11.733433509789466, -11.733433509789462]",-11.733433509789464,-11.733433509789462,images/picture_3.png,2,"[-11.733433509789462, 11.733433509789464]",-11.733433509789462,11.733433509789464,0,1,1,0.9635045905620292,1.9635045905620292,1.0364954094379706,3,1,1.7135045905620294,0,1.0,6.0, , , , , , , , 
65,UNPRED,12,0.6279149952846199,0,images/picture_1.png,images/picture_1.png,0,"[11.733433509789464, 11.733433509789462]",11.733433509789464,11.733433509789462,images/picture_2.png,1,"[-11.733433509789462, 11.733433509789464]",-11.733433509789462,11.733433509789464,images/picture_3.png,2,"[-11.733433509789466, -11.733433509789462]",-11.733433509789464,-11.733433509789462,0,1,1,0.6279149952846199,1.6279149952846201,1.3720850047153799,3,1,1.3779149952846201,0,1.0,0.0, , , , , , , , 
66,UNPRED,12,1.0252578019989391,2,images/picture_3.png,images/picture_1.png,0,"[11.733433509789464, 11.733433509789462]",11.733433509789464,11.733433509789462,images/picture_2.png,1,"[-11.733433509789462, 11.733433509789464]",-11.733433509789462,11.733433509789464,images/picture_3.png,2,"[11.733433509789462, -11.733433509789466]",11.733433509789462,-11.733433509789464,0,1,1,1.0252578019989391,2.025257801998939,0.9747421980010612,3,1,1.7752578019989391,0,1.0,1.0, , , , , , , , 
67,UNPRED,12,0.8652417953245737,2,images/picture_3.png,images/picture_1.png,0,"[11.733433509789464, 11.733433509789462]",11.733433509789464,11.733433509789462,images/picture_2.png,1,"[-11.733433509789466, -11.733433509789462]",-11.733433509789464,-11.733433509789462,images/picture_3.png,2,"[11.733433509789462, -11.733433509789466]",11.733433509789462,-11.733433509789464,0,1,1,0.8652417953245737,1.8652417953245737,1.1347582046754263,3,1,1.6152417953245737,0,1.0,3.0, , , , , , , , 
68,UNPRED,12,0.6406639181723303,2,images/picture_3.png,images/picture_1.png,0,"[-11.733433509789462, 11.733433509789464]",-11.733433509789462,11.733433509789464,images/picture_2.png,1,"[-11.733433509789466, -11.733433509789462]",-11.733433509789464,-11.733433509789462,images/picture_3.png,2,"[11.733433509789464, 11.733433509789462]",11.733433509789464,11.733433509789462,0,1,1,0.6406639181723303,1.64066391817233,1.35933608182767,3,1,1.39066391817233,0,1.0,7.0, , , , , , , , 
69,UNPRED,12,0.7810831478260452,0,images/picture_1.png,images/picture_1.png,0,"[11.733433509789462, -11.733433509789466]",11.733433509789462,-11.733433509789464,images/picture_2.png,1,"[-11.733433509789466, -11.733433509789462]",-11.733433509789464,-11.733433509789462,images/picture_3.png,2,"[11.733433509789464, 11.733433509789462]",11.733433509789464,11.733433509789462,0,1,1,0.7810831478260452,1.7810831478260452,1.2189168521739548,3,1,1.5310831478260452,0,1.0,8.0, , , , , , , , 
70,UNPRED,12,0.7622136558446826,2,images/picture_3.png,images/picture_1.png,0,"[-11.733433509789462, 11.733433509789464]",-11.733433509789462,11.733433509789464,images/picture_2.png,1,"[11.733433509789464, 11.733433509789462]",11.733433509789464,11.733433509789462,images/picture_3.png,2,"[-11.733433509789466, -11.733433509789462]",-11.733433509789464,-11.733433509789462,0,1,1,0.7622136558446826,1.7622136558446826,1.2377863441553174,3,1,1.5122136558446826,0,1.0,5.0, , , , , , , , 
71,UNPRED,12,0.9550614742637792,2,images/picture_3.png,images/picture_1.png,0,"[11.733433509789464, 11.733433509789462]",11.733433509789464,11.733433509789462,images/picture_2.png,1,"[-11.733433509789466, -11.733433509789462]",-11.733433509789464,-11.733433509789462,images/picture_3.png,2,"[11.733433509789462, -11.733433509789466]",11.733433509789462,-11.733433509789464,0,1,1,0.9550614742637792,1.9550614742637789,1.044938525736221,3,1,1.7050614742637789,0,1.0,4.0, , , , , , , , 

extraInfo
participant,200001
session,004
date,2023-03-10_12h28.56.893
expName,DMS_BEST_eyetracking_DAN_base_12-36_looped_10minWORKING
psychopyVersion,2022.2.4
frameRate,None
﻿trial_count,blockType,blockNum,delay_time,stimImage_i,stimImage,responseImage1,responseImage1_i,responseImage1_pos,responseImage1_X,responseImage1_Y,responseImage2,responseImage2_i,responseImage2_pos,responseImage2_X,responseImage2_Y,responseImage3,responseImage3_i,responseImage3_pos,responseImage3_X,responseImage3_Y,cue_onset,cue_dur,delay_onset,delay_dur,resp_onset,resp_dur,rest_onset,rest_dur,circle_dur,circle_onset,n,order,,,,,,,,
72,PRED,12,0.5081729697295226,2,images/picture_3.png,images/picture_1.png,0,"[-11.733433509789462, 11.733433509789464]",-11.733433509789462,11.733433509789464,images/picture_2.png,1,"[-11.733433509789466, -11.733433509789462]",-11.733433509789464,-11.733433509789462,images/picture_3.png,2,"[11.733433509789464, 11.733433509789462]",11.733433509789464,11.733433509789462,0,1,1,0.5081729697295226,1.5081729697295223,1.4918270302704777,3,1,1.2581729697295223,0,1.0,6.0, , , , , , , , 
73,PRED,12,0.5561990636051795,2,images/picture_3.png,images/picture_1.png,0,"[-11.733433509789466, -11.733433509789462]",-11.733433509789464,-11.733433509789462,images/picture_2.png,1,"[11.733433509789464, 11.733433509789462]",11.733433509789464,11.733433509789462,images/picture_3.png,2,"[11.733433509789462, -11.733433509789466]",11.733433509789462,-11.733433509789464,0,1,1,0.5561990636051795,1.5561990636051797,1.4438009363948203,3,1,1.3061990636051797,0,1.0,5.0, , , , , , , , 
74,PRED,12,0.5122465563586084,2,images/picture_3.png,images/picture_1.png,0,"[-11.733433509789462, 11.733433509789464]",-11.733433509789462,11.733433509789464,images/picture_2.png,1,"[11.733433509789462, -11.733433509789466]",11.733433509789462,-11.733433509789464,images/picture_3.png,2,"[11.733433509789464, 11.733433509789462]",11.733433509789464,11.733433509789462,0,1,1,0.5122465563586084,1.5122465563586085,1.4877534436413915,3,1,1.2622465563586085,0,1.0,2.0, , , , , , , , 
75,PRED,12,1.0057965901117203,2,images/picture_3.png,images/picture_1.png,0,"[11.733433509789464, 11.733433509789462]",11.733433509789464,11.733433509789462,images/picture_2.png,1,"[-11.733433509789462, 11.733433509789464]",-11.733433509789462,11.733433509789464,images/picture_3.png,2,"[11.733433509789462, -11.733433509789466]",11.733433509789462,-11.733433509789464,0,1,1,1.0057965901117203,2.0057965901117205,0.9942034098882796,3,1,1.7557965901117203,0,1.0,1.0, , , , , , , , 
76,PRED,12,0.5642428641286811,2,images/picture_3.png,images/picture_1.png,0,"[11.733433509789462, -11.733433509789466]",11.733433509789462,-11.733433509789464,images/picture_2.png,1,"[-11.733433509789466, -11.733433509789462]",-11.733433509789464,-11.733433509789462,images/picture_3.png,2,"[-11.733433509789462, 11.733433509789464]",-11.733433509789462,11.733433509789464,0,1,1,0.5642428641286811,1.5642428641286812,1.4357571358713188,3,1,1.3142428641286812,0,1.0,8.0, , , , , , , , 
77,PRED,12,0.9313240588967364,2,images/picture_3.png,images/picture_1.png,0,"[-11.733433509789466, -11.733433509789462]",-11.733433509789464,-11.733433509789462,images/picture_2.png,1,"[-11.733433509789462, 11.733433509789464]",-11.733433509789462,11.733433509789464,images/picture_3.png,2,"[11.733433509789464, 11.733433509789462]",11.733433509789464,11.733433509789462,0,1,1,0.9313240588967364,1.9313240588967364,1.0686759411032636,3,1,1.6813240588967364,0,1.0,3.0, , , , , , , , 
78,PRED,12,0.9382027919409364,2,images/picture_3.png,images/picture_1.png,0,"[-11.733433509789462, 11.733433509789464]",-11.733433509789462,11.733433509789464,images/picture_2.png,1,"[11.733433509789464, 11.733433509789462]",11.733433509789464,11.733433509789462,images/picture_3.png,2,"[11.733433509789462, -11.733433509789466]",11.733433509789462,-11.733433509789464,0,1,1,0.9382027919409364,1.9382027919409364,1.0617972080590636,3,1,1.6882027919409364,0,1.0,4.0, , , , , , , , 
79,PRED,12,0.9501151309539104,2,images/picture_3.png,images/picture_1.png,0,"[11.733433509789464, 11.733433509789462]",11.733433509789464,11.733433509789462,images/picture_2.png,1,"[-11.733433509789462, 11.733433509789464]",-11.733433509789462,11.733433509789464,images/picture_3.png,2,"[-11.733433509789466, -11.733433509789462]",-11.733433509789464,-11.733433509789462,0,1,1,0.9501151309539104,1.9501151309539104,1.0498848690460896,3,1,1.7001151309539104,0,1.0,0.0, , , , , , , , 
80,PRED,12,0.6400767041390965,2,images/picture_3.png,images/picture_1.png,0,"[11.733433509789464, 11.733433509789462]",11.733433509789464,11.733433509789462,images/picture_2.png,1,"[11.733433509789462, -11.733433509789466]",11.733433509789462,-11.733433509789464,images/picture_3.png,2,"[-11.733433509789466, -11.733433509789462]",-11.733433509789464,-11.733433509789462,0,1,1,0.6400767041390965,1.6400767041390965,1.3599232958609035,3,1,1.3900767041390965,0,1.0,7.0, , , , , , , , 

extraInfo
participant,200001
session,004
date,2023-03-10_12h28.56.893
expName,DMS_BEST_eyetracking_DAN_base_12-36_looped_10minWORKING
psychopyVersion,2022.2.4
frameRate,None
﻿trial_count,blockType,blockNum,delay_time,stimImage_i,stimImage,responseImage1,responseImage1_i,responseImage1_pos,responseImage1_X,responseImage1_Y,responseImage2,responseImage2_i,responseImage2_pos,responseImage2_X,responseImage2_Y,responseImage3,responseImage3_i,responseImage3_pos,responseImage3_X,responseImage3_Y,cue_onset,cue_dur,delay_onset,delay_dur,resp_onset,resp_dur,rest_onset,rest_dur,circle_dur,circle_onset,n,order,,,,,,,,
81,UNPRED,12,0.8809922849324705,2,images/picture_3.png,images/picture_1.png,0,"[11.733433509789462, -11.733433509789466]",11.733433509789462,-11.733433509789464,images/picture_2.png,1,"[-11.733433509789462, 11.733433509789464]",-11.733433509789462,11.733433509789464,images/picture_3.png,2,"[11.733433509789464, 11.733433509789462]",11.733433509789464,11.733433509789462,0,1,1,0.8809922849324705,1.8809922849324705,1.1190077150675295,3,1,1.6309922849324705,0,1.0,0.0, , , , , , , , 
82,UNPRED,12,0.7076624259184278,1,images/picture_2.png,images/picture_1.png,0,"[11.733433509789462, -11.733433509789466]",11.733433509789462,-11.733433509789464,images/picture_2.png,1,"[-11.733433509789462, 11.733433509789464]",-11.733433509789462,11.733433509789464,images/picture_3.png,2,"[-11.733433509789466, -11.733433509789462]",-11.733433509789464,-11.733433509789462,0,1,1,0.7076624259184278,1.7076624259184277,1.2923375740815723,3,1,1.4576624259184277,0,1.0,8.0, , , , , , , , 
83,UNPRED,12,0.9243748595103982,1,images/picture_2.png,images/picture_1.png,0,"[11.733433509789462, -11.733433509789466]",11.733433509789462,-11.733433509789464,images/picture_2.png,1,"[11.733433509789464, 11.733433509789462]",11.733433509789464,11.733433509789462,images/picture_3.png,2,"[-11.733433509789462, 11.733433509789464]",-11.733433509789462,11.733433509789464,0,1,1,0.9243748595103982,1.9243748595103984,1.0756251404896018,3,1,1.6743748595103982,0,1.0,3.0, , , , , , , , 
84,UNPRED,12,0.6181989388729136,1,images/picture_2.png,images/picture_1.png,0,"[-11.733433509789466, -11.733433509789462]",-11.733433509789464,-11.733433509789462,images/picture_2.png,1,"[11.733433509789462, -11.733433509789466]",11.733433509789462,-11.733433509789464,images/picture_3.png,2,"[-11.733433509789462, 11.733433509789464]",-11.733433509789462,11.733433509789464,0,1,1,0.6181989388729136,1.6181989388729137,1.3818010611270863,3,1,1.3681989388729137,0,1.0,7.0, , , , , , , , 
85,UNPRED,12,0.6552605583286688,0,images/picture_1.png,images/picture_1.png,0,"[11.733433509789462, -11.733433509789466]",11.733433509789462,-11.733433509789464,images/picture_2.png,1,"[-11.733433509789462, 11.733433509789464]",-11.733433509789462,11.733433509789464,images/picture_3.png,2,"[-11.733433509789466, -11.733433509789462]",-11.733433509789464,-11.733433509789462,0,1,1,0.6552605583286688,1.6552605583286688,1.3447394416713312,3,1,1.4052605583286688,0,1.0,1.0, , , , , , , , 
86,UNPRED,12,0.959464856342824,1,images/picture_2.png,images/picture_1.png,0,"[-11.733433509789462, 11.733433509789464]",-11.733433509789462,11.733433509789464,images/picture_2.png,1,"[11.733433509789462, -11.733433509789466]",11.733433509789462,-11.733433509789464,images/picture_3.png,2,"[11.733433509789464, 11.733433509789462]",11.733433509789464,11.733433509789462,0,1,1,0.959464856342824,1.959464856342824,1.040535143657176,3,1,1.709464856342824,0,1.0,4.0, , , , , , , , 
87,UNPRED,12,0.9945393501444872,0,images/picture_1.png,images/picture_1.png,0,"[11.733433509789464, 11.733433509789462]",11.733433509789464,11.733433509789462,images/picture_2.png,1,"[-11.733433509789462, 11.733433509789464]",-11.733433509789462,11.733433509789464,images/picture_3.png,2,"[11.733433509789462, -11.733433509789466]",11.733433509789462,-11.733433509789464,0,1,1,0.9945393501444872,1.9945393501444872,1.0054606498555128,3,1,1.7445393501444872,0,1.0,2.0, , , , , , , , 
88,UNPRED,12,0.5052234831391634,2,images/picture_3.png,images/picture_1.png,0,"[11.733433509789464, 11.733433509789462]",11.733433509789464,11.733433509789462,images/picture_2.png,1,"[-11.733433509789466, -11.733433509789462]",-11.733433509789464,-11.733433509789462,images/picture_3.png,2,"[-11.733433509789462, 11.733433509789464]",-11.733433509789462,11.733433509789464,0,1,1,0.5052234831391634,1.505223483139163,1.494776516860837,3,1,1.255223483139163,0,1.0,5.0, , , , , , , , 
89,UNPRED,12,0.6407546340764605,0,images/picture_1.png,images/picture_1.png,0,"[11.733433509789464, 11.733433509789462]",11.733433509789464,11.733433509789462,images/picture_2.png,1,"[11.733433509789462, -11.733433509789466]",11.733433509789462,-11.733433509789464,images/picture_3.png,2,"[-11.733433509789462, 11.733433509789464]",-11.733433509789462,11.733433509789464,0,1,1,0.6407546340764605,1.6407546340764605,1.3592453659235395,3,1,1.3907546340764605,0,1.0,6.0, , , , , , , , 

extraInfo
participant,200001
session,004
date,2023-03-10_12h28.56.893
expName,DMS_BEST_eyetracking_DAN_base_12-36_looped_10minWORKING
psychopyVersion,2022.2.4
frameRate,None
﻿trial_count,blockType,blockNum,delay_time,stimImage_i,stimImage,responseImage1,responseImage1_i,responseImage1_pos,responseImage1_X,responseImage1_Y,responseImage2,responseImage2_i,responseImage2_pos,responseImage2_X,responseImage2_Y,responseImage3,responseImage3_i,responseImage3_pos,responseImage3_X,responseImage3_Y,cue_onset,cue_dur,delay_onset,delay_dur,resp_onset,resp_dur,rest_onset,rest_dur,circle_dur,circle_onset,n,order,,,,,,,,
90,PRED,12,0.8499836952666442,2,images/picture_3.png,images/picture_1.png,0,"[-11.733433509789462, 11.733433509789464]",-11.733433509789462,11.733433509789464,images/picture_2.png,1,"[11.733433509789464, 11.733433509789462]",11.733433509789464,11.733433509789462,images/picture_3.png,2,"[-11.733433509789466, -11.733433509789462]",-11.733433509789464,-11.733433509789462,0,1,1,0.8499836952666442,1.849983695266644,1.1500163047333558,3,1,1.5999836952666442,0,1.0,5.0, , , , , , , , 
91,PRED,12,1.0108673902651382,2,images/picture_3.png,images/picture_1.png,0,"[-11.733433509789462, 11.733433509789464]",-11.733433509789462,11.733433509789464,images/picture_2.png,1,"[11.733433509789464, 11.733433509789462]",11.733433509789464,11.733433509789462,images/picture_3.png,2,"[-11.733433509789466, -11.733433509789462]",-11.733433509789464,-11.733433509789462,0,1,1,1.0108673902651382,2.010867390265138,0.9891326097348618,3,1,1.7608673902651382,0,1.0,6.0, , , , , , , , 
92,PRED,12,1.0654320786135236,2,images/picture_3.png,images/picture_1.png,0,"[11.733433509789462, -11.733433509789466]",11.733433509789462,-11.733433509789464,images/picture_2.png,1,"[-11.733433509789466, -11.733433509789462]",-11.733433509789464,-11.733433509789462,images/picture_3.png,2,"[-11.733433509789462, 11.733433509789464]",-11.733433509789462,11.733433509789464,0,1,1,1.0654320786135236,2.065432078613524,0.9345679213864764,3,1,1.815432078613524,0,1.0,7.0, , , , , , , , 
93,PRED,12,0.8337175921693921,2,images/picture_3.png,images/picture_1.png,0,"[-11.733433509789462, 11.733433509789464]",-11.733433509789462,11.733433509789464,images/picture_2.png,1,"[11.733433509789462, -11.733433509789466]",11.733433509789462,-11.733433509789464,images/picture_3.png,2,"[-11.733433509789466, -11.733433509789462]",-11.733433509789464,-11.733433509789462,0,1,1,0.8337175921693921,1.8337175921693918,1.166282407830608,3,1,1.5837175921693918,0,1.0,8.0, , , , , , , , 
94,PRED,12,0.9687419496025176,2,images/picture_3.png,images/picture_1.png,0,"[11.733433509789462, -11.733433509789466]",11.733433509789462,-11.733433509789464,images/picture_2.png,1,"[-11.733433509789466, -11.733433509789462]",-11.733433509789464,-11.733433509789462,images/picture_3.png,2,"[-11.733433509789462, 11.733433509789464]",-11.733433509789462,11.733433509789464,0,1,1,0.9687419496025176,1.9687419496025176,1.0312580503974824,3,1,1.7187419496025176,0,1.0,2.0, , , , , , , , 
95,PRED,12,0.6240433528177529,2,images/picture_3.png,images/picture_1.png,0,"[11.733433509789464, 11.733433509789462]",11.733433509789464,11.733433509789462,images/picture_2.png,1,"[-11.733433509789462, 11.733433509789464]",-11.733433509789462,11.733433509789464,images/picture_3.png,2,"[-11.733433509789466, -11.733433509789462]",-11.733433509789464,-11.733433509789462,0,1,1,0.6240433528177529,1.6240433528177531,1.3759566471822469,3,1,1.3740433528177531,0,1.0,0.0, , , , , , , , 
96,PRED,12,0.6760985556591035,2,images/picture_3.png,images/picture_1.png,0,"[-11.733433509789462, 11.733433509789464]",-11.733433509789462,11.733433509789464,images/picture_2.png,1,"[11.733433509789462, -11.733433509789466]",11.733433509789462,-11.733433509789464,images/picture_3.png,2,"[-11.733433509789466, -11.733433509789462]",-11.733433509789464,-11.733433509789462,0,1,1,0.6760985556591035,1.6760985556591037,1.3239014443408963,3,1,1.4260985556591037,0,1.0,3.0, , , , , , , , 
97,PRED,12,0.7267055629747109,2,images/picture_3.png,images/picture_1.png,0,"[11.733433509789462, -11.733433509789466]",11.733433509789462,-11.733433509789464,images/picture_2.png,1,"[-11.733433509789466, -11.733433509789462]",-11.733433509789464,-11.733433509789462,images/picture_3.png,2,"[11.733433509789464, 11.733433509789462]",11.733433509789464,11.733433509789462,0,1,1,0.7267055629747109,1.7267055629747108,1.2732944370252892,3,1,1.4767055629747108,0,1.0,1.0, , , , , , , , 
98,PRED,12,0.5162932576242723,2,images/picture_3.png,images/picture_1.png,0,"[11.733433509789464, 11.733433509789462]",11.733433509789464,11.733433509789462,images/picture_2.png,1,"[-11.733433509789466, -11.733433509789462]",-11.733433509789464,-11.733433509789462,images/picture_3.png,2,"[11.733433509789462, -11.733433509789466]",11.733433509789462,-11.733433509789464,0,1,1,0.5162932576242723,1.5162932576242725,1.4837067423757275,3,1,1.2662932576242725,0,1.0,4.0, , , , , , , , 

extraInfo
participant,200001
session,004
date,2023-03-10_12h28.56.893
expName,DMS_BEST_eyetracking_DAN_base_12-36_looped_10minWORKING
psychopyVersion,2022.2.4
frameRate,None
﻿trial_count,blockType,blockNum,delay_time,stimImage_i,stimImage,responseImage1,responseImage1_i,responseImage1_pos,responseImage1_X,responseImage1_Y,responseImage2,responseImage2_i,responseImage2_pos,responseImage2_X,responseImage2_Y,responseImage3,responseImage3_i,responseImage3_pos,responseImage3_X,responseImage3_Y,cue_onset,cue_dur,delay_onset,delay_dur,resp_onset,resp_dur,rest_onset,rest_dur,circle_dur,circle_onset,n,order,,,,,,,,
99,UNPRED,12,0.7461154838018895,0,images/picture_1.png,images/picture_1.png,0,"[11.733433509789462, -11.733433509789466]",11.733433509789462,-11.733433509789464,images/picture_2.png,1,"[11.733433509789464, 11.733433509789462]",11.733433509789464,11.733433509789462,images/picture_3.png,2,"[-11.733433509789462, 11.733433509789464]",-11.733433509789462,11.733433509789464,0,1,1,0.7461154838018895,1.7461154838018895,1.2538845161981105,3,1,1.4961154838018895,0,1.0,3.0, , , , , , , , 
100,UNPRED,12,1.112500624229661,1,images/picture_2.png,images/picture_1.png,0,"[-11.733433509789462, 11.733433509789464]",-11.733433509789462,11.733433509789464,images/picture_2.png,1,"[11.733433509789464, 11.733433509789462]",11.733433509789464,11.733433509789462,images/picture_3.png,2,"[11.733433509789462, -11.733433509789466]",11.733433509789462,-11.733433509789464,0,1,1,1.112500624229661,2.1125006242296607,0.8874993757703393,3,1,1.862500624229661,0,1.0,8.0, , , , , , , , 
101,UNPRED,12,0.7270570736950931,0,images/picture_1.png,images/picture_1.png,0,"[-11.733433509789466, -11.733433509789462]",-11.733433509789464,-11.733433509789462,images/picture_2.png,1,"[11.733433509789464, 11.733433509789462]",11.733433509789464,11.733433509789462,images/picture_3.png,2,"[-11.733433509789462, 11.733433509789464]",-11.733433509789462,11.733433509789464,0,1,1,0.7270570736950931,1.7270570736950932,1.272942926304907,3,1,1.4770570736950932,0,1.0,0.0, , , , , , , , 
102,UNPRED,12,1.0262375755627773,1,images/picture_2.png,images/picture_1.png,0,"[11.733433509789462, -11.733433509789466]",11.733433509789462,-11.733433509789464,images/picture_2.png,1,"[-11.733433509789462, 11.733433509789464]",-11.733433509789462,11.733433509789464,images/picture_3.png,2,"[11.733433509789464, 11.733433509789462]",11.733433509789464,11.733433509789462,0,1,1,1.0262375755627773,2.026237575562777,0.9737624244372228,3,1,1.7762375755627768,0,1.0,6.0, , , , , , , , 
103,UNPRED,12,0.983007910124008,2,images/picture_3.png,images/picture_1.png,0,"[11.733433509789464, 11.733433509789462]",11.733433509789464,11.733433509789462,images/picture_2.png,1,"[-11.733433509789462, 11.733433509789464]",-11.733433509789462,11.733433509789464,images/picture_3.png,2,"[-11.733433509789466, -11.733433509789462]",-11.733433509789464,-11.733433509789462,0,1,1,0.983007910124008,1.983007910124008,1.016992089875992,3,1,1.733007910124008,0,1.0,2.0, , , , , , , , 
104,UNPRED,12,0.8913008667429636,0,images/picture_1.png,images/picture_1.png,0,"[-11.733433509789462, 11.733433509789464]",-11.733433509789462,11.733433509789464,images/picture_2.png,1,"[11.733433509789462, -11.733433509789466]",11.733433509789462,-11.733433509789464,images/picture_3.png,2,"[11.733433509789464, 11.733433509789462]",11.733433509789464,11.733433509789462,0,1,1,0.8913008667429636,1.891300866742964,1.1086991332570364,3,1,1.6413008667429636,0,1.0,4.0, , , , , , , , 
105,UNPRED,12,0.995804685843229,1,images/picture_2.png,images/picture_1.png,0,"[11.733433509789464, 11.733433509789462]",11.733433509789464,11.733433509789462,images/picture_2.png,1,"[11.733433509789462, -11.733433509789466]",11.733433509789462,-11.733433509789464,images/picture_3.png,2,"[-11.733433509789466, -11.733433509789462]",-11.733433509789464,-11.733433509789462,0,1,1,0.995804685843229,1.995804685843229,1.004195314156771,3,1,1.745804685843229,0,1.0,1.0, , , , , , , , 
106,UNPRED,12,0.5907155751043511,1,images/picture_2.png,images/picture_1.png,0,"[11.733433509789464, 11.733433509789462]",11.733433509789464,11.733433509789462,images/picture_2.png,1,"[11.733433509789462, -11.733433509789466]",11.733433509789462,-11.733433509789464,images/picture_3.png,2,"[-11.733433509789466, -11.733433509789462]",-11.733433509789464,-11.733433509789462,0,1,1,0.5907155751043511,1.5907155751043511,1.4092844248956489,3,1,1.3407155751043511,0,1.0,7.0, , , , , , , , 
107,UNPRED,12,0.6543431005537375,0,images/picture_1.png,images/picture_1.png,0,"[-11.733433509789466, -11.733433509789462]",-11.733433509789464,-11.733433509789462,images/picture_2.png,1,"[-11.733433509789462, 11.733433509789464]",-11.733433509789462,11.733433509789464,images/picture_3.png,2,"[11.733433509789462, -11.733433509789466]",11.733433509789462,-11.733433509789464,0,1,1,0.6543431005537375,1.6543431005537377,1.3456568994462623,3,1,1.4043431005537377,0,1.0,5.0, , , , , , , , 

extraInfo
participant,200001
session,004
date,2023-03-10_12h28.56.893
expName,DMS_BEST_eyetracking_DAN_base_12-36_looped_10minWORKING
psychopyVersion,2022.2.4
frameRate,None
